% Time (s)	Gyro Output (rads/s)	Input Rate (RPM)	%10/7/20259:27 AM
0.000	0.000	0.000
2716.240	-0.010	0.000
2716.250	-0.010	0.000
2716.260	-0.010	0.000
2716.270	-0.010	0.000
2716.280	-0.010	0.220
2716.290	-0.030	0.220
2716.300	-0.030	0.439
2716.310	-0.030	0.879
2716.320	-0.150	0.879
2716.330	-0.150	1.099
2716.340	-0.150	1.392
2716.350	-0.230	1.392
2716.360	-0.230	1.611
2716.370	-0.230	1.978
2716.380	-0.230	2.051
2716.390	-0.230	2.051
2716.400	-0.230	2.271
2716.410	-0.220	2.271
2716.420	-0.220	2.251
2716.430	-0.220	2.348
2716.440	-0.210	2.348
2716.450	-0.210	2.348
2716.460	-0.210	2.275
2716.470	-0.190	2.202
2716.480	-0.190	2.182
2716.490	-0.190	2.108
2716.500	-0.170	1.962
2716.510	-0.170	1.759
2716.520	-0.170	1.705
2716.530	-0.120	1.528
2716.540	-0.120	1.381
2716.550	-0.120	1.235
2716.560	-0.020	0.942
2716.570	-0.020	0.633
2716.580	-0.020	0.286
2716.590	0.100	-0.060
2716.600	0.100	-0.353
2716.610	0.100	-0.760
2716.620	0.170	-1.106
2716.630	0.170	-1.466
2716.640	0.170	-1.832
2716.650	0.220	-2.418
2716.660	0.220	-2.841
2716.670	0.220	-3.191
2716.680	0.430	-3.577
2716.690	0.430	-4.256
2716.700	0.430	-4.915
2716.710	0.720	-5.550
2716.720	0.720	-6.571
2716.730	0.720	-7.011
2716.740	0.840	-7.716
2716.750	0.840	-8.083
2716.760	0.840	-8.685
2716.770	0.920	-9.271
2716.780	0.920	-9.715
2716.790	0.920	-10.227
2716.800	1.040	-10.554
2716.810	1.040	-10.920
2716.820	1.040	-11.017
2716.830	1.150	-11.677
2716.840	1.150	-12.468
2716.850	1.150	-12.688
2716.860	1.270	-13.047
2716.870	1.270	-13.707
2716.880	1.270	-14.195
2716.890	1.440	-14.561
2716.900	1.440	-15.464
2716.910	1.440	-15.976
2716.920	1.610	-16.522
2716.930	1.610	-16.669
2716.940	1.610	-16.856
2716.950	1.730	-17.735
2716.960	1.730	-18.075
2716.970	1.730	-18.149
2716.980	1.690	-18.348
2716.990	1.690	-18.568
2717.000	1.690	-18.885
2717.010	1.730	-18.885
2717.020	1.730	-19.072
2717.030	1.730	-19.218
2717.040	1.730	-19.218
2717.050	1.730	-19.072
2717.060	1.730	-18.865
2717.070	1.690	-19.011
2717.080	1.690	-18.885
2717.090	1.690	-18.811
2717.100	1.680	-18.510
2717.110	1.680	-18.217
2717.120	1.680	-18.120
2717.130	1.620	-18.120
2717.140	1.620	-17.674
2717.150	1.620	-17.527
2717.160	1.540	-17.254
2717.170	1.540	-16.741
2717.180	1.540	-16.595
2717.190	1.370	-16.155
2717.200	1.370	-15.350
2717.210	1.370	-15.057
2717.220	1.170	-14.764
2717.230	1.170	-13.836
2717.240	1.170	-13.110
2717.250	1.010	-12.451
2717.260	1.010	-11.792
2717.270	1.010	-11.279
2717.280	0.790	-10.547
2717.290	0.790	-9.521
2717.300	0.790	-8.716
2717.310	0.480	-7.690
2717.320	0.480	-6.445
2717.330	0.480	-5.493
2717.340	0.120	-4.687
2717.350	0.120	-3.369
2717.360	0.120	-2.417
2717.370	-0.130	-1.172
2717.380	-0.130	-0.220
2717.390	-0.130	0.806
2717.400	-0.400	2.051
2717.410	-0.400	3.003
2717.420	-0.400	3.955
2717.430	-0.700	5.127
2717.440	-0.700	6.006
2717.450	-0.700	7.324
2717.460	-1.030	8.423
2717.470	-1.030	9.521
2717.480	-1.030	10.913
2717.490	-1.330	11.865
2717.500	-1.330	12.524
2717.510	-1.330	13.696
2717.520	-1.560	14.795
2717.530	-1.560	15.234
2717.540	-1.560	16.406
2717.550	-1.710	16.772
2717.560	-1.710	17.578
2717.570	-1.710	18.311
2717.580	-1.870	18.823
2717.590	-1.870	19.409
2717.600	-1.870	20.288
2717.610	-1.990	20.288
2717.620	-1.990	20.662
2717.630	-1.990	21.468
2717.640	-2.050	21.415
2717.650	-2.050	22.001
2717.660	-2.050	22.001
2717.670	-2.100	22.513
2717.680	-2.100	22.513
2717.690	-2.100	23.173
2717.700	-2.280	23.905
2717.710	-2.280	24.052
2717.720	-2.280	24.263
2717.730	-2.420	24.483
2717.740	-2.420	24.902
2717.750	-2.420	24.683
2717.760	-2.280	24.829
2717.770	-2.280	24.552
2717.780	-2.280	24.333
2717.790	-1.930	23.281
2717.800	-1.930	22.255
2717.810	-1.930	21.596
2717.820	-1.700	21.010
2717.830	-1.700	19.912
2717.840	-1.700	19.179
2717.850	-1.570	18.440
2717.860	-1.570	17.195
2717.870	-1.570	16.446
2717.880	-1.310	15.714
2717.890	-1.310	15.366
2717.900	-1.310	14.927
2717.910	-1.150	14.221
2717.920	-1.150	13.562
2717.930	-1.150	13.122
2717.940	-1.110	12.536
2717.950	-1.110	12.177
2717.960	-1.110	12.209
2717.970	-1.010	11.530
2717.980	-1.010	10.944
2717.990	-1.010	10.513
2718.000	-0.840	10.220
2718.010	-0.840	9.754
2718.020	-0.840	9.404
2718.030	-0.730	9.044
2718.040	-0.730	7.702
2718.050	-0.730	7.156
2718.060	-0.600	6.810
2718.070	-0.600	6.444
2718.080	-0.600	5.638
2718.090	-0.430	5.638
2718.100	-0.430	4.833
2718.110	-0.430	2.912
2718.120	-0.080	2.912
2718.130	-0.080	1.660
2718.140	-0.080	-0.586
2718.150	0.360	-0.586
2718.160	0.360	-1.831
2718.170	0.360	-4.907
2718.180	0.810	-4.907
2718.190	0.810	-6.519
2718.200	0.810	-9.155
2718.210	1.140	-9.155
2718.220	1.140	-10.693
2718.230	1.140	-12.451
2718.240	1.350	-12.451
2718.250	1.350	-13.916
2718.260	1.350	-16.333
2718.270	1.700	-16.333
2718.280	1.700	-17.358
2718.290	1.700	-19.336
2718.300	2.000	-19.336
2718.310	2.000	-20.435
2718.320	2.000	-22.192
2718.330	2.180	-22.192
2718.340	2.180	-22.852
2718.350	2.180	-23.804
2718.360	2.270	-23.804
2718.370	2.270	-24.097
2718.380	2.270	-24.829
2718.390	2.340	-24.829
2718.400	2.340	-25.342
2718.410	2.340	-25.928
2718.420	2.390	-25.928
2718.430	2.390	-25.708
2718.440	2.390	-25.854
2718.450	2.380	-25.854
2718.460	2.380	-25.768
2718.470	2.380	-25.525
2718.480	2.340	-25.525
2718.490	2.340	-25.965
2718.500	2.340	-25.159
2718.510	2.240	-25.159
2718.520	2.240	-24.573
2718.530	2.240	-23.914
2718.540	2.070	-23.914
2718.550	2.070	-23.401
2718.560	2.070	-22.112
2718.570	1.870	-22.112
2718.580	1.870	-21.753
2718.590	1.870	-20.508
2718.600	1.690	-19.995
2718.610	1.690	-19.189
2718.620	1.690	-18.457
2718.630	1.400	-17.452
2718.640	1.400	-16.426
2718.650	1.400	-15.840
2718.660	1.180	-14.522
2718.670	1.180	-13.814
2718.680	1.180	-12.862
2718.690	0.920	-11.843
2718.700	0.920	-11.037
2718.710	0.920	-10.158
2718.720	0.680	-9.060
2718.730	0.680	-8.202
2718.740	0.680	-7.396
2718.750	0.390	-6.204
2718.760	0.390	-5.618
2718.770	0.390	-4.715
2718.780	0.170	-3.763
2718.790	0.170	-2.771
2718.800	0.170	-1.599
2718.810	-0.080	-0.607
2718.820	-0.080	0.272
2718.830	-0.080	1.777
2718.840	-0.560	3.095
2718.850	-0.560	4.597
2718.860	-0.560	5.916
2718.870	-0.990	7.454
2718.880	-0.990	8.772
2718.890	-0.990	10.058
2718.900	-1.300	11.596
2718.910	-1.300	13.135
2718.920	-1.300	14.233
2718.930	-1.580	15.132
2718.940	-1.580	16.158
2718.950	-1.580	17.126
2718.960	-1.870	18.225
2718.970	-1.870	19.283
2718.980	-1.870	20.381
2718.990	-2.170	21.100
2719.000	-2.170	21.540
2719.010	-2.170	22.232
2719.020	-2.310	23.111
2719.030	-2.310	23.750
2719.040	-2.310	24.303
2719.050	-2.350	24.763
2719.060	-2.350	24.909
2719.070	-2.350	25.096
2719.080	-2.320	25.023
2719.090	-2.320	25.541
2719.100	-2.320	25.687
2719.110	-2.320	25.388
2719.120	-2.320	25.314
2719.130	-2.320	25.168
2719.140	-2.270	25.054
2719.150	-2.270	24.928
2719.160	-2.270	25.148
2719.170	-2.270	24.635
2719.180	-2.270	24.709
2719.190	-2.270	23.984
2719.200	-2.210	23.838
2719.210	-2.210	23.771
2719.220	-2.210	23.796
2719.230	-2.040	23.236
2719.240	-2.040	22.724
2719.250	-2.040	22.097
2719.260	-1.920	21.291
2719.270	-1.920	20.998
2719.280	-1.920	20.339
2719.290	-1.700	19.680
2719.300	-1.700	19.021
2719.310	-1.700	18.435
2719.320	-1.460	17.165
2719.330	-1.460	16.943
2719.340	-1.460	16.211
2719.350	-1.290	15.232
2719.360	-1.290	14.500
2719.370	-1.290	13.767
2719.380	-1.120	12.888
2719.390	-1.120	12.376
2719.400	-1.120	11.350
2719.410	-0.790	10.252
2719.420	-0.790	9.731
2719.430	-0.790	8.681
2719.440	-0.560	7.769
2719.450	-0.560	7.096
2719.460	-0.560	6.290
2719.470	-0.340	5.185
2719.480	-0.340	4.306
2719.490	-0.340	3.280
2719.500	-0.050	2.475
2719.510	-0.050	1.636
2719.520	-0.050	0.619
2719.530	0.230	-0.639
2719.540	0.230	-1.542
2719.550	0.230	-2.380
2719.560	0.410	-3.132
2719.570	0.410	-4.151
2719.580	0.410	-4.957
2719.590	0.650	-6.129
2719.600	0.650	-6.967
2719.610	0.650	-7.813
2719.620	0.960	-8.712
2719.630	0.960	-9.797
2719.640	0.960	-10.546
2719.650	1.310	-11.791
2719.660	1.310	-13.374
2719.670	1.310	-13.960
2719.680	1.520	-14.753
2719.690	1.520	-15.339
2719.700	1.520	-16.258
2719.710	1.630	-17.210
2719.720	1.630	-18.061
2719.730	1.630	-18.647
2719.740	1.850	-19.326
2719.750	1.850	-19.986
2719.760	1.850	-19.994
2719.770	2.070	-21.019
2719.780	2.070	-21.862
2719.790	2.070	-22.741
2719.800	2.190	-22.961
2719.810	2.190	-23.401
2719.820	2.190	-23.775
2719.830	2.250	-24.141
2719.840	2.250	-24.910
2719.850	2.250	-25.057
2719.860	2.400	-25.530
2719.870	2.400	-25.456
2719.880	2.400	-25.798
2719.890	2.420	-25.579
2719.900	2.420	-26.311
2719.910	2.420	-26.164
2719.920	2.320	-26.138
2719.930	2.320	-26.065
2719.940	2.320	-25.788
2719.950	2.340	-25.788
2719.960	2.340	-25.608
2719.970	2.340	-26.048
2719.980	2.350	-25.328
2719.990	2.350	-24.303
2720.000	2.350	-23.864
2720.010	2.120	-23.864
2720.020	2.120	-23.378
2720.030	2.120	-22.279
2720.040	1.700	-21.254
2720.050	1.700	-20.448
2720.060	1.700	-19.349
2720.070	1.440	-17.884
2720.080	1.440	-17.611
2720.090	1.440	-16.439
2720.100	1.240	-15.507
2720.110	1.240	-14.481
2720.120	1.240	-13.749
2720.130	1.080	-13.090
2720.140	1.080	-12.520
2720.150	1.080	-11.641
2720.160	0.840	-10.922
2720.170	0.840	-10.190
2720.180	0.840	-9.205
2720.190	0.620	-8.619
2720.200	0.620	-7.761
2720.210	0.620	-7.102
2720.220	0.470	-6.123
2720.230	0.470	-5.390
2720.240	0.470	-4.495
2720.250	0.170	-3.470
2720.260	0.170	-2.545
2720.270	0.170	-1.446
2720.280	-0.260	-0.241
2720.290	-0.260	1.077
2720.300	-0.260	2.436
2720.310	-0.570	3.681
2720.320	-0.570	5.413
2720.330	-0.570	6.618
2720.340	-1.000	8.302
2720.350	-1.000	9.767
2720.360	-1.000	11.395
2720.370	-1.450	12.826
2720.380	-1.450	14.185
2720.390	-1.450	15.503
2720.400	-1.760	16.602
2720.410	-1.760	18.172
2720.420	-1.760	18.905
2720.430	-1.990	19.970
2720.440	-1.990	20.556
2720.450	-1.990	21.362
2720.460	-2.180	21.825
2720.470	-2.180	22.876
2720.480	-2.180	23.462
2720.490	-2.310	23.728
2720.500	-2.310	24.094
2720.510	-2.310	24.282
2720.520	-2.340	24.501
2720.530	-2.340	25.397
2720.540	-2.340	25.543
2720.550	-2.320	25.523
2720.560	-2.320	25.523
2720.570	-2.320	25.165
2720.580	-2.330	25.385
2720.590	-2.330	25.525
2720.600	-2.330	25.672
2720.610	-2.350	25.292
2720.620	-2.350	25.365
2720.630	-2.350	24.617
2720.640	-2.300	24.983
2720.650	-2.300	25.190
2720.660	-2.300	25.410
2720.670	-2.290	25.183
2720.680	-2.290	25.183
2720.690	-2.290	24.923
2720.700	-2.300	24.703
2720.710	-2.300	24.652
2720.720	-2.300	24.432
2720.730	-2.140	23.753
2720.740	-2.140	22.947
2720.750	-2.140	22.174
2720.760	-1.810	21.368
2720.770	-1.810	20.895
2720.780	-1.810	19.869
2720.790	-1.590	19.190
2720.800	-1.590	18.165
2720.810	-1.590	17.205
2720.820	-1.410	16.106
2720.830	-1.410	15.906
2720.840	-1.410	15.174
2720.850	-1.160	14.275
2720.860	-1.160	13.323
2720.870	-1.160	12.704
2720.880	-1.000	11.899
2720.890	-1.000	11.129
2720.900	-1.000	10.397
2720.910	-0.750	9.411
2720.920	-0.750	8.459
2720.930	-0.750	7.068
2720.940	-0.370	5.896
2720.950	-0.370	4.963
2720.960	-0.370	4.011
2720.970	-0.020	2.773
2720.980	-0.020	1.821
2720.990	-0.020	0.706
2721.000	0.160	-0.173
2721.010	0.160	-1.157
2721.020	0.160	-2.036
2721.030	0.390	-2.708
2721.040	0.390	-3.734
2721.050	0.390	-4.759
2721.060	0.690	-5.565
2721.070	0.690	-6.890
2721.080	0.690	-8.135
2721.090	1.030	-9.114
2721.100	1.030	-10.286
2721.110	1.030	-10.953
2721.120	1.270	-12.125
2721.130	1.270	-13.560
2721.140	1.270	-14.732
2721.150	1.580	-15.571
2721.160	1.580	-17.036
2721.170	1.580	-18.061
2721.180	2.040	-19.233
2721.190	2.040	-20.378
2721.200	2.040	-21.477
2721.210	2.270	-22.502
2721.220	2.270	-23.520
2721.230	2.270	-23.902
2721.240	2.260	-24.242
2721.250	2.260	-25.161
2721.260	2.260	-25.673
2721.270	2.450	-26.332
2721.280	2.450	-26.870
2721.290	2.450	-27.382
2721.300	2.690	-27.815
2721.310	2.690	-28.108
2721.320	2.690	-28.043
2721.330	2.660	-28.263
2721.340	2.660	-28.891
2721.350	2.660	-29.404
2721.360	2.580	-29.144
2721.370	2.580	-28.925
2721.380	2.580	-28.827
2721.390	2.670	-28.827
2721.400	2.670	-29.086
2721.410	2.670	-29.086
2721.420	2.640	-28.700
2721.430	2.640	-28.627
2721.440	2.640	-27.878
2721.450	2.430	-27.145
2721.460	2.430	-26.909
2721.470	2.430	-26.323
2721.480	2.160	-25.311
2721.490	2.160	-24.578
2721.500	2.160	-23.447
2721.510	1.960	-22.715
2721.520	1.960	-22.434
2721.530	1.960	-21.408
2721.540	1.710	-20.662
2721.550	1.710	-19.857
2721.560	1.710	-18.595
2721.570	1.430	-17.863
2721.580	1.430	-17.264
2721.590	1.430	-16.385
2721.600	1.230	-15.260
2721.610	1.230	-14.454
2721.620	1.230	-13.070
2721.630	1.000	-12.484
2721.640	1.000	-11.537
2721.650	1.000	-10.146
2721.660	0.620	-9.314
2721.670	0.620	-8.068
2721.680	0.620	-6.750
2721.690	0.310	-5.578
2721.700	0.310	-4.579
2721.710	0.310	-3.237
2721.720	-0.020	-2.238
2721.730	-0.020	-0.920
2721.740	-0.020	0.244
2721.750	-0.390	1.489
2721.760	-0.390	2.634
2721.770	-0.390	3.806
2721.780	-0.730	5.198
2721.790	-0.730	6.370
2721.800	-0.730	7.981
2721.810	-1.060	9.422
2721.820	-1.060	10.620
2721.830	-1.060	12.231
2721.840	-1.530	13.770
2721.850	-1.530	15.161
2721.860	-1.530	16.406
2721.870	-1.880	18.091
2721.880	-1.880	19.116
2721.890	-1.880	20.654
2721.900	-2.200	21.533
2721.910	-2.200	22.705
2721.920	-2.200	23.804
2721.930	-2.450	24.829
2721.940	-2.450	25.415
2721.950	-2.450	25.854
2721.960	-2.580	26.660
2721.970	-2.580	26.945
2721.980	-2.580	27.824
2721.990	-2.630	27.851
2722.000	-2.630	27.924
2722.010	-2.630	28.070
2722.020	-2.600	28.290
2722.030	-2.600	28.070
2722.040	-2.600	28.363
2722.050	-2.540	28.117
2722.060	-2.540	27.824
2722.070	-2.540	27.393
2722.080	-2.480	27.173
2722.090	-2.480	27.439
2722.100	-2.480	27.586
2722.110	-2.460	26.980
2722.120	-2.460	26.687
2722.130	-2.460	26.321
2722.140	-2.320	25.735
2722.150	-2.320	25.875
2722.160	-2.320	25.582
2722.170	-2.210	25.429
2722.180	-2.210	24.697
2722.190	-2.210	24.037
2722.200	-2.190	23.598
2722.210	-2.190	23.179
2722.220	-2.190	22.593
2722.230	-1.930	21.787
2722.240	-1.930	21.348
2722.250	-1.930	20.501
2722.260	-1.640	19.476
2722.270	-1.640	18.823
2722.280	-1.640	18.164
2722.290	-1.440	16.992
2722.300	-1.440	16.113
2722.310	-1.440	15.161
2722.320	-1.210	14.429
2722.330	-1.210	13.403
2722.340	-1.210	12.085
2722.350	-0.800	10.986
2722.360	-0.800	10.327
2722.370	-0.800	9.155
2722.380	-0.530	7.910
2722.390	-0.530	7.031
2722.400	-0.530	5.713
2722.410	-0.300	4.687
2722.420	-0.300	3.442
2722.430	-0.300	2.563
2722.440	0.050	1.685
2722.450	0.050	0.439
2722.460	0.050	-1.025
2722.470	0.400	-2.124
2722.480	0.400	-3.003
2722.490	0.400	-4.362
2722.500	0.680	-5.301
2722.510	0.680	-6.619
2722.520	0.680	-7.498
2722.530	0.950	-8.523
2722.540	0.950	-9.777
2722.550	0.950	-11.901
2722.560	1.260	-11.901
2722.570	1.260	-13.219
2722.580	1.260	-15.302
2722.590	1.630	-15.302
2722.600	1.630	-16.634
2722.610	1.630	-19.051
2722.620	1.930	-19.051
2722.630	1.930	-20.076
2722.640	1.930	-21.899
2722.650	2.170	-21.899
2722.660	2.170	-22.632
2722.670	2.170	-23.511
2722.680	2.360	-24.316
2722.690	2.360	-24.976
2722.700	2.360	-25.195
2722.710	2.360	-25.382
2722.720	2.360	-25.528
2722.730	2.360	-25.748
2722.740	2.360	-25.894
2722.750	2.360	-26.106
2722.760	2.360	-26.472
2722.770	2.410	-25.946
2722.780	2.410	-26.019
2722.790	2.410	-25.800
2722.800	2.390	-25.946
2722.810	2.390	-26.102
2722.820	2.390	-25.875
2722.830	2.300	-26.022
2722.840	2.300	-25.655
2722.850	2.300	-25.200
2722.860	2.270	-25.653
2722.870	2.270	-25.286
2722.880	2.270	-25.579
2722.890	2.310	-25.579
2722.900	2.310	-25.286
2722.910	2.310	-25.317
2722.920	2.290	-25.317
2722.930	2.290	-25.171
2722.940	2.290	-25.098
2722.950	2.250	-24.798
2722.960	2.250	-24.090
2722.970	2.250	-23.431
2722.980	2.020	-22.772
2722.990	2.020	-21.942
2723.000	2.020	-21.502
2723.010	1.630	-19.924
2723.020	1.630	-19.045
2723.030	1.630	-17.873
2723.040	1.280	-16.701
2723.050	1.280	-15.316
2723.060	1.280	-14.364
2723.070	0.950	-12.826
2723.080	0.950	-11.866
2723.090	0.950	-10.572
2723.100	0.550	-9.074
2723.110	0.550	-8.162
2723.120	0.550	-6.843
2723.130	0.270	-5.525
2723.140	0.270	-4.500
2723.150	0.270	-3.474
2723.160	0.000	-2.116
2723.170	0.000	-0.798
2723.180	0.000	0.586
2723.190	-0.380	2.051
2723.200	-0.380	3.556
2723.210	-0.380	4.727
2723.220	-0.880	6.412
2723.230	-0.880	7.804
2723.240	-0.880	11.116
2723.250	-1.290	11.116
2723.260	-1.290	12.581
2723.270	-1.290	13.606
2723.280	-1.650	14.998
2723.290	-1.650	16.096
2723.300	-1.650	17.341
2723.310	-1.890	18.660
2723.320	-1.890	19.465
2723.330	-1.890	20.418
2723.340	-2.140	21.573
2723.350	-2.140	22.013
2723.360	-2.140	23.071
2723.370	-2.330	23.804
2723.380	-2.330	24.463
2723.390	-2.330	25.122
2723.400	-2.430	25.269
2723.410	-2.430	25.928
2723.420	-2.430	26.147
2723.430	-2.490	26.673
2723.440	-2.490	26.527
2723.450	-2.490	27.040
2723.460	-2.500	26.893
2723.470	-2.500	26.893
2723.480	-2.500	26.893
2723.490	-2.490	26.820
2723.500	-2.490	27.430
2723.510	-2.490	26.764
2723.520	-2.450	26.984
2723.530	-2.450	26.751
2723.540	-2.450	26.678
2723.550	-2.410	26.678
2723.560	-2.410	26.458
2723.570	-2.410	25.945
2723.580	-2.350	25.945
2723.590	-2.350	25.872
2723.600	-2.350	24.976
2723.610	-2.180	24.976
2723.620	-2.180	24.243
2723.630	-2.180	23.584
2723.640	-2.040	23.584
2723.650	-2.040	22.632
2723.660	-2.040	21.021
2723.670	-1.790	21.021
2723.680	-1.790	20.581
2723.690	-1.790	18.970
2723.700	-1.590	18.970
2723.710	-1.590	18.311
2723.720	-1.590	17.578
2723.730	-1.420	16.553
2723.740	-1.420	15.627
2723.750	-1.420	14.870
2723.760	-1.200	14.284
2723.770	-1.200	13.625
2723.780	-1.200	12.527
2723.790	-0.960	11.701
2723.800	-0.960	11.042
2723.810	-0.960	9.121
2723.820	-0.670	9.121
2723.830	-0.670	8.462
2723.840	-0.670	6.409
2723.850	-0.410	6.409
2723.860	-0.410	5.164
2723.870	-0.410	3.333
2723.880	-0.120	3.333
2723.890	-0.120	1.961
2723.900	-0.120	-0.293
2723.910	0.250	-0.293
2723.920	0.250	-1.465
2723.930	0.250	-3.955
2723.940	0.550	-3.955
2723.950	0.550	-4.980
2723.960	0.550	-7.324
2723.970	0.840	-7.324
2723.980	0.840	-8.569
2723.990	0.840	-10.327
2724.000	1.150	-10.327
2724.010	1.150	-11.719
2724.020	1.150	-14.209
2724.030	1.550	-14.209
2724.040	1.550	-15.527
2724.050	1.550	-18.237
2724.060	1.920	-18.237
2724.070	1.920	-19.702
2724.080	1.920	-22.046
2724.090	2.200	-23.071
2724.100	2.200	-23.950
2724.110	2.200	-24.976
2724.120	2.440	-25.708
2724.130	2.440	-26.733
2724.140	2.440	-27.173
2724.150	2.640	-27.173
2724.160	2.640	-27.905
2724.170	2.640	-28.857
2724.180	2.750	-28.857
2724.190	2.750	-29.150
2724.200	2.750	-29.883
2724.210	2.760	-29.883
2724.220	2.760	-29.956
2724.230	2.760	-29.956
2724.240	2.740	-29.956
2724.250	2.740	-30.029
2724.260	2.740	-29.810
2724.270	2.680	-29.184
2724.280	2.680	-29.330
2724.290	2.680	-28.964
2724.300	2.560	-28.378
2724.310	2.560	-28.199
2724.320	2.560	-27.760
2724.330	2.370	-26.734
2724.340	2.370	-26.295
2724.350	2.370	-25.489
2724.360	2.200	-24.976
2724.370	2.200	-24.504
2724.380	2.200	-24.015
2724.390	1.970	-23.250
2724.400	1.970	-22.224
2724.410	1.970	-21.305
2724.420	1.760	-20.499
2724.430	1.760	-19.767
2724.440	1.760	-18.733
2724.450	1.390	-17.608
2724.460	1.390	-16.363
2724.470	1.390	-14.898
2724.480	0.990	-13.335
2724.490	0.990	-12.107
2724.500	0.990	-10.716
2724.510	0.510	-9.098
2724.520	0.510	-7.413
2724.530	0.510	-5.875
2724.540	0.020	-4.272
2724.550	0.020	-2.703
2724.560	0.020	-0.872
2724.570	-0.330	0.386
2724.580	-0.330	2.071
2724.590	-0.330	3.739
2724.600	-0.750	4.911
2724.610	-0.750	6.605
2724.620	-0.750	7.850
2724.630	-1.060	9.242
2724.640	-1.060	10.780
2724.650	-1.060	11.895
2724.660	-1.430	12.847
2724.670	-1.430	14.445
2724.680	-1.430	15.999
2724.690	-1.820	17.231
2724.700	-1.820	18.550
2724.710	-1.820	19.632
2724.720	-2.200	20.877
2724.730	-2.200	22.830
2724.740	-2.200	23.782
2724.750	-2.540	24.761
2724.760	-2.540	26.079
2724.770	-2.540	26.885
2724.780	-2.750	27.748
2724.790	-2.750	28.998
2724.800	-2.750	30.023
2724.810	-2.910	30.177
2724.820	-2.910	30.762
2724.830	-2.910	30.274
2724.840	-2.860	30.421
2724.850	-2.860	30.394
2724.860	-2.860	30.158
2724.870	-2.570	29.685
2724.880	-2.570	28.953
2724.890	-2.570	28.229
2724.900	-2.410	27.789
2724.910	-2.410	28.018
2724.920	-2.410	27.579
2724.930	-2.530	26.913
2724.940	-2.530	26.620
2724.950	-2.530	26.327
2724.960	-2.360	25.977
2724.970	-2.360	25.807
2724.980	-2.360	25.661
2724.990	-2.150	24.868
2725.000	-2.150	24.608
2725.010	-2.150	23.054
2725.020	-2.050	23.054
2725.030	-2.050	22.694
2725.040	-2.050	21.522
2725.050	-1.780	20.910
2725.060	-1.780	20.031
2725.070	-1.780	18.842
2725.080	-1.480	18.257
2725.090	-1.480	17.901
2725.100	-1.480	16.477
2725.110	-1.370	15.685
2725.120	-1.370	14.660
2725.130	-1.370	13.813
2725.140	-1.060	13.154
2725.150	-1.060	11.936
2725.160	-1.060	10.910
2725.170	-0.720	10.397
2725.180	-0.720	9.079
2725.190	-0.720	7.614
2725.200	-0.410	6.582
2725.210	-0.410	5.251
2725.220	-0.410	4.152
2725.230	-0.040	2.801
2725.240	-0.040	1.580
2725.250	-0.040	0.482
2725.260	0.260	-0.497
2725.270	0.260	-1.726
2725.280	0.260	-2.898
2725.290	0.560	-4.008
2725.300	0.560	-4.953
2725.310	0.560	-6.271
2725.320	0.860	-7.077
2725.330	0.860	-8.103
2725.340	0.860	-8.786
2725.350	1.020	-9.811
2725.360	1.020	-10.664
2725.370	1.020	-11.966
2725.380	1.340	-13.098
2725.390	1.340	-14.283
2725.400	1.340	-16.960
2725.410	1.810	-16.960
2725.420	1.810	-18.572
2725.430	1.810	-21.208
2725.440	2.180	-21.208
2725.450	2.180	-22.234
2725.460	2.180	-24.903
2725.470	2.450	-24.903
2725.480	2.450	-25.675
2725.490	2.450	-26.953
2725.500	2.610	-26.953
2725.510	2.610	-27.612
2725.520	2.610	-28.198
2725.530	2.640	-28.198
2725.540	2.640	-28.198
2725.550	2.640	-28.198
2725.560	2.510	-27.905
2725.570	2.510	-27.612
2725.580	2.510	-27.246
2725.590	2.330	-27.246
2725.600	2.330	-26.733
2725.610	2.330	-26.367
2725.620	2.410	-26.367
2725.630	2.410	-26.587
2725.640	2.410	-26.880
2725.650	2.550	-26.953
2725.660	2.550	-27.246
2725.670	2.550	-28.394
2725.680	2.690	-28.394
2725.690	2.690	-28.613
2725.700	2.690	-28.760
2725.710	2.690	-28.760
2725.720	2.690	-29.126
2725.730	2.690	-28.434
2725.740	2.580	-28.434
2725.750	2.580	-28.328
2725.760	2.580	-28.035
2725.770	2.360	-26.614
2725.780	2.360	-26.118
2725.790	2.360	-24.580
2725.800	1.910	-23.468
2725.810	1.910	-22.296
2725.820	1.910	-20.465
2725.830	1.420	-19.220
2725.840	1.420	-18.073
2725.850	1.420	-16.568
2725.860	1.070	-14.810
2725.870	1.070	-13.838
2725.880	1.070	-12.210
2725.890	0.830	-11.404
2725.900	0.830	-10.701
2725.910	0.830	-9.530
2725.920	0.600	-8.624
2725.930	0.600	-7.558
2725.940	0.600	-6.321
2725.950	0.330	-5.289
2725.960	0.330	-4.557
2725.970	0.330	-3.311
2725.980	0.000	-2.213
2725.990	0.000	-1.041
2726.000	0.000	1.156
2726.010	-0.520	2.461
2726.020	-0.520	4.046
2726.030	-0.520	5.470
2726.040	-1.050	7.375
2726.050	-1.050	9.272
2726.060	-1.050	11.307
2726.070	-1.540	13.018
2726.080	-1.540	14.629
2726.090	-1.540	16.607
2726.100	-2.000	17.722
2726.110	-2.000	19.639
2726.120	-2.000	21.332
2726.130	-2.370	22.897
2726.140	-2.370	23.995
2726.150	-2.370	24.947
2726.160	-2.630	26.282
2726.170	-2.630	27.606
2726.180	-2.630	28.485
2726.190	-2.830	29.258
2726.200	-2.830	29.917
2726.210	-2.830	30.210
2726.220	-2.970	30.714
2726.230	-2.970	31.713
2726.240	-2.970	32.299
2726.250	-3.070	32.512
2726.260	-3.070	32.585
2726.270	-3.070	32.480
2726.280	-3.030	32.553
2726.290	-3.030	33.034
2726.300	-3.030	32.887
2726.310	-2.910	32.474
2726.320	-2.910	32.035
2726.330	-2.910	31.156
2726.340	-2.700	30.570
2726.350	-2.700	30.211
2726.360	-2.700	29.454
2726.370	-2.530	28.834
2726.380	-2.530	28.175
2726.390	-2.530	26.922
2726.400	-2.320	26.043
2726.410	-2.320	25.797
2726.420	-2.320	24.918
2726.430	-2.080	24.405
2726.440	-2.080	23.600
2726.450	-2.080	23.323
2726.460	-1.960	22.502
2726.470	-1.960	21.510
2726.480	-1.960	20.997
2726.490	-1.720	20.118
2726.500	-1.720	19.532
2726.510	-1.720	18.580
2726.520	-1.470	17.714
2726.530	-1.470	16.396
2726.540	-1.470	15.444
2726.550	-1.120	13.963
2726.560	-1.120	12.749
2726.570	-1.120	10.406
2726.580	-0.710	10.406
2726.590	-0.710	9.014
2726.600	-0.710	7.549
2726.610	-0.210	5.938
2726.620	-0.210	4.240
2726.630	-0.210	1.423
2726.640	0.200	1.423
2726.650	0.200	0.056
2726.660	0.200	-1.181
2726.670	0.400	-2.765
2726.680	0.400	-3.791
2726.690	0.400	-6.265
2726.700	0.730	-6.265
2726.710	0.730	-7.583
2726.720	0.730	-9.707
2726.730	1.090	-9.707
2726.740	1.090	-10.992
2726.750	1.090	-13.580
2726.760	1.500	-13.580
2726.770	1.500	-14.705
2726.780	1.500	-17.415
2726.790	1.800	-17.415
2726.800	1.800	-18.457
2726.810	1.800	-20.728
2726.820	2.070	-20.728
2726.830	2.070	-21.680
2726.840	2.070	-23.877
2726.850	2.370	-23.877
2726.860	2.370	-24.976
2726.870	2.370	-26.587
2726.880	2.610	-26.587
2726.890	2.610	-27.759
2726.900	2.610	-29.004
2726.910	2.790	-29.004
2726.920	2.790	-30.103
2726.930	2.790	-30.981
2726.940	2.960	-30.981
2726.950	2.960	-31.641
2726.960	2.960	-31.934
2726.970	2.970	-31.934
2726.980	2.970	-32.153
2726.990	2.970	-31.421
2727.000	2.810	-31.421
2727.010	2.810	-31.494
2727.020	2.810	-30.396
2727.030	2.630	-30.396
2727.040	2.630	-29.663
2727.050	2.630	-28.345
2727.060	2.480	-28.345
2727.070	2.480	-27.466
2727.080	2.480	-25.928
2727.090	2.280	-25.928
2727.100	2.280	-25.342
2727.110	2.280	-23.877
2727.120	2.000	-23.877
2727.130	2.000	-23.218
2727.140	2.000	-22.266
2727.150	1.900	-22.266
2727.160	1.900	-20.894
2727.170	1.900	-20.235
2727.180	1.630	-19.576
2727.190	1.630	-18.404
2727.200	1.630	-17.525
2727.210	1.210	-16.206
2727.220	1.210	-15.035
2727.230	1.210	-13.643
2727.240	0.850	-12.032
2727.250	0.850	-10.274
2727.260	0.850	-9.155
2727.270	0.420	-7.471
2727.280	0.420	-5.713
2727.290	0.420	-4.468
2727.300	-0.060	-2.783
2727.310	-0.060	-1.245
2727.320	-0.060	0.806
2727.330	-0.550	2.490
2727.340	-0.550	4.321
2727.350	-0.550	5.859
2727.360	-1.070	7.837
2727.370	-1.070	9.741
2727.380	-1.070	14.160
2727.390	-1.700	14.160
2727.400	-1.700	16.284
2727.410	-1.700	18.042
2727.420	-2.140	19.474
2727.430	-2.140	21.085
2727.440	-2.140	22.843
2727.450	-2.470	24.527
2727.460	-2.470	25.870
2727.470	-2.470	27.188
2727.480	-2.780	27.743
2727.490	-2.780	28.549
2727.500	-2.780	29.574
2727.510	-3.010	30.233
2727.520	-3.010	31.203
2727.530	-3.010	32.082
2727.540	-3.000	31.928
2727.550	-3.000	32.148
2727.560	-3.000	32.197
2727.570	-2.930	32.050
2727.580	-2.930	32.554
2727.590	-2.930	32.627
2727.600	-2.940	32.107
2727.610	-2.940	32.327
2727.620	-2.940	31.758
2727.630	-2.940	31.538
2727.640	-2.940	31.959
2727.650	-2.940	31.667
2727.660	-2.810	31.107
2727.670	-2.810	30.668
2727.680	-2.810	30.025
2727.690	-2.630	29.439
2727.700	-2.630	29.454
2727.710	-2.630	28.648
2727.720	-2.400	27.982
2727.730	-2.400	27.282
2727.740	-2.400	26.135
2727.750	-2.180	25.276
2727.760	-2.180	24.590
2727.770	-2.180	23.492
2727.780	-1.880	22.613
2727.790	-1.880	22.084
2727.800	-1.880	20.757
2727.810	-1.660	19.798
2727.820	-1.660	19.073
2727.830	-1.660	17.941
2727.840	-1.500	16.989
2727.850	-1.500	16.538
2727.860	-1.500	15.366
2727.870	-1.150	14.694
2727.880	-1.150	13.668
2727.890	-1.150	12.220
2727.900	-0.780	11.048
2727.910	-0.780	10.102
2727.920	-0.780	8.971
2727.930	-0.460	7.713
2727.940	-0.460	6.468
2727.950	-0.460	4.848
2727.960	-0.090	3.676
2727.970	-0.090	2.151
2727.980	-0.090	0.540
2727.990	0.350	-0.852
2728.000	0.350	-2.536
2728.010	0.350	-5.970
2728.020	0.830	-7.422
2728.030	0.830	-9.033
2728.040	0.830	-10.571
2728.050	1.180	-10.571
2728.060	1.180	-12.003
2728.070	1.180	-13.101
2728.080	1.580	-14.859
2728.090	1.580	-16.324
2728.100	1.580	-18.009
2728.110	2.180	-20.035
2728.120	2.180	-21.500
2728.130	2.180	-23.038
2728.140	2.720	-24.649
2728.150	2.720	-25.968
2728.160	2.720	-26.660
2728.170	2.660	-27.612
2728.180	2.660	-27.759
2728.190	2.660	-27.979
2728.200	2.410	-27.832
2728.210	2.410	-27.759
2728.220	2.410	-27.832
2728.230	2.420	-27.439
2728.240	2.420	-27.000
2728.250	2.420	-27.219
2728.260	2.560	-27.732
2728.270	2.560	-28.098
2728.280	2.560	-28.758
2728.290	2.850	-29.490
2728.300	2.850	-30.198
2728.310	2.850	-30.711
2728.320	2.940	-30.504
2728.330	2.940	-31.044
2728.340	2.940	-31.703
2728.350	2.830	-31.410
2728.360	2.830	-31.743
2728.370	2.830	-31.890
2728.380	2.830	-31.464
2728.390	2.830	-31.098
2728.400	2.830	-30.463
2728.410	2.760	-29.657
2728.420	2.760	-29.872
2728.430	2.760	-29.432
2728.440	2.430	-28.660
2728.450	2.430	-28.147
2728.460	2.430	-27.447
2728.470	2.330	-26.568
2728.480	2.330	-26.457
2728.490	2.330	-25.579
2728.500	2.130	-24.660
2728.510	2.130	-23.415
2728.520	2.130	-21.942
2728.530	1.640	-20.623
2728.540	1.640	-19.247
2728.550	1.640	-17.489
2728.560	1.020	-15.319
2728.570	1.020	-13.488
2728.580	1.020	-11.022
2728.590	0.450	-9.191
2728.600	0.450	-7.245
2728.610	0.450	-5.487
2728.620	-0.020	-3.350
2728.630	-0.020	-1.519
2728.640	-0.020	0.581
2728.650	-0.620	2.558
2728.660	-0.620	4.652
2728.670	-0.620	6.556
2728.680	-1.230	8.707
2728.690	-1.230	10.904
2728.700	-1.230	13.167
2728.710	-1.880	15.364
2728.720	-1.880	17.548
2728.730	-1.880	20.136
2728.740	-2.440	22.386
2728.750	-2.440	24.217
2728.760	-2.440	25.959
2728.770	-2.940	27.863
2728.780	-2.940	30.083
2728.790	-2.940	31.474
2728.800	-3.240	32.593
2728.810	-3.240	33.252
2728.820	-3.240	34.351
2728.830	-3.330	34.839
2728.840	-3.330	35.778
2728.850	-3.330	35.998
2728.860	-3.330	35.958
2728.870	-3.330	36.105
2728.880	-3.330	35.323
2728.890	-3.180	34.811
2728.900	-3.180	35.255
2728.910	-3.180	35.108
2728.920	-3.000	33.823
2728.930	-3.000	33.384
2728.940	-3.000	32.098
2728.950	-2.740	31.365
2728.960	-2.740	30.885
2728.970	-2.740	30.006
2728.980	-2.510	29.167
2728.990	-2.510	28.581
2729.000	-2.510	27.531
2729.010	-2.420	27.018
2729.020	-2.420	27.188
2729.030	-2.420	26.383
2729.040	-2.300	25.930
2729.050	-2.300	25.564
2729.060	-2.300	24.986
2729.070	-2.200	24.620
2729.080	-2.200	24.694
2729.090	-2.200	24.474
2729.100	-2.130	23.615
2729.110	-2.130	22.663
2729.120	-2.130	21.947
2729.130	-1.900	21.214
2729.140	-1.900	20.267
2729.150	-1.900	19.462
2729.160	-1.420	18.390
2729.170	-1.420	17.145
2729.180	-1.420	15.639
2729.190	-1.130	14.687
2729.200	-1.130	13.585
2729.210	-1.130	12.925
2729.220	-0.900	11.341
2729.230	-0.900	9.949
2729.240	-0.900	8.859
2729.250	-0.460	7.394
2729.260	-0.460	6.195
2729.270	-0.460	5.080
2729.280	-0.070	3.782
2729.290	-0.070	2.317
2729.300	-0.070	0.909
2729.310	0.310	-0.922
2729.320	0.310	-2.120
2729.330	0.310	-3.365
2729.340	0.650	-4.830
2729.350	0.650	-5.782
2729.360	0.650	-7.247
2729.370	1.030	-8.696
2729.380	1.030	-9.888
2729.390	1.030	-11.572
2729.400	1.440	-13.184
2729.410	1.440	-14.136
2729.420	1.440	-15.674
2729.430	1.820	-16.992
2729.440	1.820	-18.457
2729.450	1.820	-19.995
2729.460	2.210	-21.460
2729.470	2.210	-22.925
2729.480	2.210	-24.829
2729.490	2.740	-26.221
2729.500	2.740	-27.686
2729.510	2.740	-30.241
2729.520	3.060	-30.241
2729.530	3.060	-31.486
2729.540	3.060	-33.097
2729.550	3.060	-33.097
2729.560	3.060	-33.537
2729.570	3.060	-33.890
2729.580	3.110	-33.890
2729.590	3.110	-34.345
2729.600	3.110	-34.712
2729.610	3.150	-34.712
2729.620	3.150	-34.061
2729.630	3.150	-34.134
2729.640	3.180	-34.573
2729.650	3.180	-34.866
2729.660	3.180	-34.866
2729.670	3.250	-34.720
2729.680	3.250	-34.806
2729.690	3.250	-34.277
2729.700	3.090	-33.984
2729.710	3.090	-33.325
2729.720	3.090	-33.325
2729.730	2.820	-32.739
2729.740	2.820	-32.007
2729.750	2.820	-30.762
2729.760	2.630	-29.956
2729.770	2.630	-28.491
2729.780	2.630	-27.466
2729.790	2.070	-25.928
2729.800	2.070	-24.536
2729.810	2.070	-23.364
2729.820	1.630	-21.973
2729.830	1.630	-20.215
2729.840	1.630	-18.750
2729.850	1.370	-17.139
2729.860	1.370	-15.674
2729.870	1.370	-14.282
2729.880	0.910	-12.744
2729.890	0.910	-11.499
2729.900	0.910	-10.181
2729.910	0.480	-8.423
2729.920	0.480	-6.559
2729.930	0.480	-4.801
2729.940	-0.100	-2.737
2729.950	-0.100	-0.980
2729.960	-0.100	1.218
2729.970	-0.740	2.976
2729.980	-0.740	5.352
2729.990	-0.740	7.622
2730.000	-1.280	9.520
2730.010	-1.280	11.717
2730.020	-1.280	13.443
2730.030	-1.760	15.493
2730.040	-1.760	19.622
2730.050	-1.760	19.622
2730.060	-2.240	21.054
2730.070	-2.240	22.592
2730.080	-2.240	23.731
2730.090	-2.570	24.830
2730.100	-2.570	26.448
2730.110	-2.570	27.253
2730.120	-2.730	28.132
2730.130	-2.730	29.011
2730.140	-2.730	29.483
2730.150	-2.920	29.996
2730.160	-2.920	30.688
2730.170	-2.920	31.567
2730.180	-3.080	32.080
2730.190	-3.080	32.153
2730.200	-3.080	32.520
2730.210	-3.050	32.666
2730.220	-3.050	32.910
2730.230	-3.050	32.837
2730.240	-2.930	32.557
2730.250	-2.930	31.605
2730.260	-2.930	31.719
2730.270	-2.690	30.933
2730.280	-2.690	30.274
2730.290	-2.690	30.054
2730.300	-2.600	29.249
2730.310	-2.600	29.029
2730.320	-2.600	29.029
2730.330	-2.620	28.456
2730.340	-2.620	28.370
2730.350	-2.620	28.370
2730.360	-2.590	27.670
2730.370	-2.590	27.284
2730.380	-2.590	27.268
2730.390	-2.290	26.422
2730.400	-2.290	25.909
2730.410	-2.290	25.030
2730.420	-2.030	23.834
2730.430	-2.030	22.747
2730.440	-2.030	21.501
2730.450	-1.630	20.469
2730.460	-1.630	19.004
2730.470	-1.630	18.052
2730.480	-1.280	16.238
2730.490	-1.280	15.838
2730.500	-1.280	14.520
2730.510	-1.060	13.541
2730.520	-1.060	12.076
2730.530	-1.060	10.807
2730.540	-0.710	9.635
2730.550	-0.710	8.429
2730.560	-0.710	7.477
2730.570	-0.300	6.085
2730.580	-0.300	5.060
2730.590	-0.300	3.302
2730.600	0.020	2.057
2730.610	0.020	0.651
2730.620	0.020	-0.228
2730.630	0.380	-1.267
2730.640	0.380	-2.292
2730.650	0.380	-3.277
2730.660	0.590	-4.522
2730.670	0.590	-5.661
2730.680	0.590	-6.467
2730.690	0.840	-7.439
2730.700	0.840	-8.464
2730.710	0.840	-9.376
2730.720	1.150	-10.621
2730.730	1.150	-11.893
2730.740	1.150	-12.845
2730.750	1.510	-14.117
2730.760	1.510	-15.289
2730.770	1.510	-16.274
2730.780	1.860	-17.739
2730.790	1.860	-19.159
2730.800	1.860	-20.258
2730.810	2.170	-21.336
2730.820	2.170	-22.655
2730.830	2.170	-23.859
2730.840	2.420	-24.771
2730.850	2.420	-25.624
2730.860	2.420	-26.283
2730.870	2.660	-27.162
2730.880	2.660	-28.236
2730.890	2.660	-28.480
2730.900	2.730	-28.920
2730.910	2.730	-29.892
2730.920	2.730	-30.038
2730.930	2.890	-30.258
2730.940	2.890	-31.242
2730.950	2.890	-31.608
2730.960	2.990	-31.748
2730.970	2.990	-31.821
2730.980	2.990	-31.626
2730.990	2.900	-31.846
2731.000	2.900	-32.252
2731.010	2.900	-31.886
2731.020	2.810	-31.540
2731.030	2.810	-31.174
2731.040	2.810	-30.157
2731.050	2.630	-29.717
2731.060	2.630	-29.284
2731.070	2.630	-28.772
2731.080	2.430	-28.552
2731.090	2.430	-27.673
2731.100	2.430	-27.046
2731.110	2.360	-26.460
2731.120	2.360	-26.074
2731.130	2.360	-25.195
2731.140	2.120	-24.829
2731.150	2.120	-24.072
2731.160	2.120	-23.413
2731.170	1.860	-22.647
2731.180	1.860	-21.183
2731.190	1.860	-20.304
2731.200	1.550	-19.132
2731.210	1.550	-17.773
2731.220	1.550	-15.429
2731.230	1.160	-15.429
2731.240	1.160	-14.111
2731.250	1.160	-12.817
2731.260	0.710	-11.179
2731.270	0.710	-9.454
2731.280	0.710	-7.989
2731.290	0.190	-6.451
2731.300	0.190	-4.588
2731.310	0.190	-2.724
2731.320	-0.330	-0.680
2731.330	-0.330	1.005
2731.340	-0.330	3.202
2731.350	-0.800	5.179
2731.360	-0.800	7.318
2731.370	-0.800	9.222
2731.380	-1.400	11.359
2731.390	-1.400	13.410
2731.400	-1.400	15.575
2731.410	-1.980	17.259
2731.420	-1.980	19.553
2731.430	-1.980	21.457
2731.440	-2.480	23.201
2731.450	-2.480	24.886
2731.460	-2.480	26.017
2731.470	-2.870	27.629
2731.480	-2.870	29.064
2731.490	-2.870	30.162
2731.500	-3.020	30.735
2731.510	-3.020	31.541
2731.520	-3.020	31.964
2731.530	-3.070	32.257
2731.540	-3.070	32.856
2731.550	-3.070	32.929
2731.560	-3.040	33.149
2731.570	-3.040	33.003
2731.580	-3.040	32.653
2731.590	-3.000	32.726
2731.600	-3.000	32.812
2731.610	-3.000	32.812
2731.620	-3.000	32.739
2731.630	-3.000	32.666
2731.640	-3.000	32.373
2731.650	-2.990	32.446
2731.660	-2.990	32.007
2731.670	-2.990	31.714
2731.680	-2.810	31.421
2731.690	-2.810	30.835
2731.700	-2.810	30.534
2731.710	-2.550	29.502
2731.720	-2.550	28.550
2731.730	-2.550	27.890
2731.740	-2.320	26.865
2731.750	-2.320	25.994
2731.760	-2.320	25.189
2731.770	-2.030	24.117
2731.780	-2.030	22.872
2731.790	-2.030	22.066
2731.800	-1.790	20.975
2731.810	-1.790	20.583
2731.820	-1.790	19.631
2731.830	-1.580	18.619
2731.840	-1.580	17.447
2731.850	-1.580	16.414
2731.860	-1.200	15.315
2731.870	-1.200	14.523
2731.880	-1.200	13.425
2731.890	-0.890	11.913
2731.900	-0.890	10.668
2731.910	-0.890	9.309
2731.920	-0.530	7.991
2731.930	-0.530	6.741
2731.940	-0.530	5.569
2731.950	-0.140	4.057
2731.960	-0.140	2.592
2731.970	-0.140	0.940
2731.980	0.270	-0.085
2731.990	0.270	-1.137
2732.000	0.270	-2.748
2732.010	0.670	-4.213
2732.020	0.670	-5.751
2732.030	0.670	-8.722
2732.040	1.020	-8.722
2732.050	1.020	-10.286
2732.060	1.020	-12.630
2732.070	1.450	-12.630
2732.080	1.450	-14.048
2732.090	1.450	-16.994
2732.100	1.820	-16.994
2732.110	1.820	-18.093
2732.120	1.820	-20.510
2732.130	1.990	-20.510
2732.140	1.990	-21.430
2732.150	1.990	-22.309
2732.160	2.370	-23.920
2732.170	2.370	-25.311
2732.180	2.370	-26.457
2732.190	2.830	-27.426
2732.200	2.830	-28.451
2732.210	2.830	-30.136
2732.220	3.190	-31.234
2732.230	3.190	-32.886
2732.240	3.190	-33.692
2732.250	3.290	-34.578
2732.260	3.290	-35.237
2732.270	3.290	-35.457
2732.280	3.370	-36.336
2732.290	3.370	-37.319
2732.300	3.370	-38.345
2732.310	3.620	-38.345
2732.320	3.620	-38.711
2732.330	3.620	-37.865
2732.340	3.450	-37.865
2732.350	3.450	-37.785
2732.360	3.450	-37.052
2732.370	3.160	-37.052
2732.380	3.160	-36.247
2732.390	3.160	-33.984
2732.400	2.960	-33.984
2732.410	2.960	-32.739
2732.420	2.960	-30.542
2732.430	2.530	-30.542
2732.440	2.530	-29.297
2732.450	2.530	-26.514
2732.460	2.180	-26.514
2732.470	2.180	-24.756
2732.480	2.180	-23.071
2732.490	1.590	-21.194
2732.500	1.590	-19.289
2732.510	1.590	-17.312
2732.520	1.030	-15.920
2732.530	1.030	-14.008
2732.540	1.030	-12.250
2732.550	0.690	-10.512
2732.560	0.690	-9.194
2732.570	0.690	-7.875
2732.580	0.380	-6.411
2732.590	0.380	-4.968
2732.600	0.380	-3.430
2732.610	-0.160	-2.018
2732.620	-0.160	-0.334
2732.630	-0.160	1.562
2732.640	-0.730	3.247
2732.650	-0.730	5.570
2732.660	-0.730	7.767
2732.670	-1.280	9.918
2732.680	-1.280	11.896
2732.690	-1.280	14.435
2732.700	-1.970	16.632
2732.710	-1.970	19.273
2732.720	-1.970	21.410
2732.730	-2.600	23.534
2732.740	-2.600	25.439
2732.750	-2.600	27.717
2732.760	-3.050	29.156
2732.770	-3.050	30.521
2732.780	-3.050	32.205
2732.790	-3.280	33.230
2732.800	-3.280	34.345
2732.810	-3.280	34.767
2732.820	-3.380	35.413
2732.830	-3.380	35.926
2732.840	-3.380	36.764
2732.850	-3.400	36.024
2732.860	-3.400	35.977
2732.870	-3.400	36.124
2732.880	-3.220	35.611
2732.890	-3.220	35.221
2732.900	-3.220	34.472
2732.910	-2.880	33.540
2732.920	-2.880	32.807
2732.930	-2.880	31.928
2732.940	-2.630	30.724
2732.950	-2.630	30.251
2732.960	-2.630	29.812
2732.970	-2.610	29.153
2732.980	-2.610	29.153
2732.990	-2.610	28.518
2733.000	-2.650	28.225
2733.010	-2.650	28.125
2733.020	-2.650	27.759
2733.030	-2.500	27.173
2733.040	-2.500	26.367
2733.050	-2.500	25.415
2733.060	-2.010	24.609
2733.070	-2.010	23.291
2733.080	-2.010	22.046
2733.090	-1.620	21.021
2733.100	-1.620	19.629
2733.110	-1.620	18.896
2733.120	-1.570	18.237
2733.130	-1.570	17.139
2733.140	-1.570	16.699
2733.150	-1.400	16.113
2733.160	-1.400	15.088
2733.170	-1.400	14.429
2733.180	-1.070	13.550
2733.190	-1.070	12.378
2733.200	-1.070	11.499
2733.210	-0.700	10.181
2733.220	-0.700	8.789
2733.230	-0.700	7.617
2733.240	-0.320	6.079
2733.250	-0.320	4.517
2733.260	-0.320	3.271
2733.270	0.080	2.066
2733.280	0.080	0.553
2733.290	0.080	-0.619
2733.300	0.410	-1.998
2733.310	0.410	-3.243
2733.320	0.410	-4.195
2733.330	0.710	-5.440
2733.340	0.710	-6.465
2733.350	0.710	-7.930
2733.360	1.000	-8.563
2733.370	1.000	-10.035
2733.380	1.000	-12.110
2733.390	1.300	-12.110
2733.400	1.300	-13.076
2733.410	1.300	-15.639
2733.420	1.560	-15.639
2733.430	1.560	-16.811
2733.440	1.560	-18.544
2733.450	1.870	-18.544
2733.460	1.870	-20.036
2733.470	1.870	-21.606
2733.480	2.250	-21.606
2733.490	2.250	-22.925
2733.500	2.250	-24.756
2733.510	2.480	-25.781
2733.520	2.480	-25.781
2733.530	2.480	-26.953
2733.540	2.570	-27.393
2733.550	2.570	-27.832
2733.560	2.570	-28.345
2733.570	2.640	-28.345
2733.580	2.640	-28.491
2733.590	2.640	-29.224
2733.600	2.670	-29.224
2733.610	2.670	-29.150
2733.620	2.670	-29.736
2733.630	2.720	-29.736
2733.640	2.720	-29.883
2733.650	2.720	-29.750
2733.660	2.830	-30.555
2733.670	2.830	-30.409
2733.680	2.830	-31.141
2733.690	3.020	-31.654
2733.700	3.020	-31.621
2733.710	3.020	-32.061
2733.720	2.980	-32.061
2733.730	2.980	-31.328
2733.740	2.980	-31.035
2733.750	2.640	-31.022
2733.760	2.640	-29.891
2733.770	2.640	-29.451
2733.780	2.360	-28.073
2733.790	2.360	-26.828
2733.800	2.360	-25.396
2733.810	2.030	-24.077
2733.820	2.030	-22.906
2733.830	2.030	-21.644
2733.840	1.520	-20.472
2733.850	1.520	-18.934
2733.860	1.520	-17.502
2733.870	1.160	-14.705
2733.880	1.160	-14.705
2733.890	1.160	-13.167
2733.900	0.820	-11.849
2733.910	0.820	-10.750
2733.920	0.820	-9.432
2733.930	0.470	-8.396
2733.940	0.470	-7.078
2733.950	0.470	-5.833
2733.960	0.220	-4.514
2733.970	0.220	-3.343
2733.980	0.220	-1.422
2733.990	-0.280	-0.097
2734.000	-0.280	1.295
2734.010	-0.280	3.272
2734.020	-0.760	4.737
2734.030	-0.760	6.957
2734.040	-0.760	10.765
2734.050	-1.330	10.765
2734.060	-1.330	12.669
2734.070	-1.330	16.388
2734.080	-1.890	16.388
2734.090	-1.890	18.359
2734.100	-1.890	22.095
2734.110	-2.440	22.095
2734.120	-2.440	24.219
2734.130	-2.440	27.100
2734.140	-2.830	27.100
2734.150	-2.830	28.391
2734.160	-2.830	31.524
2734.170	-3.130	31.524
2734.180	-3.130	31.937
2734.190	-3.130	34.102
2734.200	-3.280	34.102
2734.210	-3.280	34.688
2734.220	-3.280	35.420
2734.230	-3.290	35.420
2734.240	-3.290	35.274
2734.250	-3.290	35.756
2734.260	-3.230	35.756
2734.270	-3.230	35.390
2734.280	-3.230	34.497
2734.290	-3.130	34.497
2734.300	-3.130	33.838
2734.310	-3.130	32.007
2734.320	-2.720	32.007
2734.330	-2.720	30.688
2734.340	-2.720	29.077
2734.350	-2.410	29.077
2734.360	-2.410	28.125
2734.370	-2.410	26.221
2734.380	-2.240	26.221
2734.390	-2.240	24.976
2734.400	-2.240	23.730
2734.410	-2.080	23.730
2734.420	-2.080	23.437
2734.430	-2.080	22.559
2734.440	-2.020	22.559
2734.450	-2.020	22.006
2734.460	-2.020	21.086
2734.470	-1.840	21.086
2734.480	-1.840	20.427
2734.490	-1.840	19.402
2734.500	-1.640	19.402
2734.510	-1.640	17.864
2734.520	-1.640	17.058
2734.530	-1.440	17.058
2734.540	-1.440	16.326
2734.550	-1.440	15.088
2734.560	-1.230	15.088
2734.570	-1.230	13.989
2734.580	-1.230	11.938
2734.590	-0.980	11.938
2734.600	-0.980	10.767
2734.610	-0.980	9.961
2734.620	-0.590	8.822
2734.630	-0.590	7.797
2734.640	-0.590	6.479
2734.650	-0.220	5.453
2734.660	-0.220	3.817
2734.670	-0.220	2.572
2734.680	0.110	1.221
2734.690	0.110	0.269
2734.700	0.110	-0.684
2734.710	0.400	-1.855
2734.720	0.400	-3.232
2734.730	0.400	-4.330
2734.740	0.710	-5.669
2734.750	0.710	-6.547
2734.760	0.710	-7.768
2734.770	1.020	-8.720
2734.780	1.020	-10.030
2734.790	1.020	-11.202
2734.800	1.340	-12.287
2734.810	1.340	-13.312
2734.820	1.340	-14.387
2734.830	1.640	-15.778
2734.840	1.640	-16.954
2734.850	1.640	-18.419
2734.860	2.020	-19.152
2734.870	2.020	-20.250
2734.880	2.020	-20.885
2734.890	2.190	-21.984
2734.900	2.190	-22.949
2734.910	2.190	-24.202
2734.920	2.400	-25.228
2734.930	2.400	-25.814
2734.940	2.400	-26.947
2734.950	2.600	-26.947
2734.960	2.600	-27.826
2734.970	2.600	-29.144
2734.980	2.750	-29.144
2734.990	2.750	-29.804
2735.000	2.750	-30.821
2735.010	2.900	-30.821
2735.020	2.900	-30.808
2735.030	2.900	-31.101
2735.040	2.990	-32.099
2735.050	2.990	-31.701
2735.060	2.990	-31.701
2735.070	2.950	-32.213
2735.080	2.950	-32.360
2735.090	2.950	-32.653
2735.100	3.030	-32.872
2735.110	3.030	-33.239
2735.120	3.030	-33.252
2735.130	3.170	-33.545
2735.140	3.170	-33.179
2735.150	3.170	-33.179
2735.160	2.950	-33.398
2735.170	2.950	-33.032
2735.180	2.950	-32.886
2735.190	2.900	-32.666
2735.200	2.900	-32.227
2735.210	2.900	-31.421
2735.220	2.860	-31.274
2735.230	2.860	-30.615
2735.240	2.860	-29.443
2735.250	2.380	-28.564
2735.260	2.380	-27.026
2735.270	2.380	-25.415
2735.280	1.700	-23.804
2735.290	1.700	-21.753
2735.300	1.700	-19.629
2735.310	1.210	-17.871
2735.320	1.210	-15.755
2735.330	1.210	-13.778
2735.340	0.810	-12.253
2735.350	0.810	-10.568
2735.360	0.810	-8.957
2735.370	0.350	-7.346
2735.380	0.350	-5.954
2735.390	0.350	-4.369
2735.400	-0.090	-2.831
2735.410	-0.090	-0.837
2735.420	-0.090	2.833
2735.430	-0.610	2.833
2735.440	-0.610	4.531
2735.450	-0.610	8.779
2735.460	-1.160	8.779
2735.470	-1.160	10.976
2735.480	-1.160	15.617
2735.490	-1.870	15.617
2735.500	-1.870	17.495
2735.510	-1.870	21.970
2735.520	-2.450	21.970
2735.530	-2.450	23.948
2735.540	-2.450	27.683
2735.550	-2.850	27.683
2735.560	-2.850	29.075
2735.570	-2.850	30.686
2735.580	-3.230	32.005
2735.590	-3.230	33.323
2735.600	-3.230	34.668
2735.610	-3.530	35.223
2735.620	-3.530	36.102
2735.630	-3.530	37.054
2735.640	-3.670	37.860
2735.650	-3.670	38.006
2735.660	-3.670	38.372
2735.670	-3.570	38.006
2735.680	-3.570	38.079
2735.690	-3.570	37.567
2735.700	-3.290	37.274
2735.710	-3.290	36.621
2735.720	-3.290	36.035
2735.730	-3.010	35.010
2735.740	-3.010	33.911
2735.750	-3.010	33.472
2735.760	-2.910	32.959
2735.770	-2.910	32.373
2735.780	-2.910	31.494
2735.790	-2.760	31.201
2735.800	-2.760	30.542
2735.810	-2.760	30.103
2735.820	-2.630	29.297
2735.830	-2.630	28.418
2735.840	-2.630	27.832
2735.850	-2.300	26.953
2735.860	-2.300	25.854
2735.870	-2.300	24.976
2735.880	-2.000	24.170
2735.890	-2.000	22.778
2735.900	-2.000	21.826
2735.910	-1.750	20.947
2735.920	-1.750	19.849
2735.930	-1.750	19.189
2735.940	-1.540	18.457
2735.950	-1.540	17.212
2735.960	-1.540	16.553
2735.970	-1.260	15.454
2735.980	-1.260	14.469
2735.990	-1.260	13.517
2736.000	-0.850	12.146
2736.010	-0.850	11.120
2736.020	-0.850	10.315
2736.030	-0.600	8.963
2736.040	-0.600	7.571
2736.050	-0.600	6.627
2736.060	-0.280	5.229
2736.070	-0.280	4.269
2736.080	-0.280	1.958
2736.090	0.040	1.958
2736.100	0.040	0.839
2736.110	0.040	-0.553
2736.120	0.380	-1.671
2736.130	0.380	-2.517
2736.140	0.380	-3.762
2736.150	0.650	-4.796
2736.160	0.650	-6.246
2736.170	0.650	-7.336
2736.180	1.010	-8.515
2736.190	1.010	-9.613
2736.200	1.010	-10.712
2736.210	1.340	-11.664
2736.220	1.340	-13.166
2736.230	1.340	-14.338
2736.240	1.590	-15.376
2736.250	1.590	-16.475
2736.260	1.590	-17.289
2736.270	1.880	-18.534
2736.280	1.880	-19.821
2736.290	1.880	-20.847
2736.300	2.200	-21.426
2736.310	2.200	-22.305
2736.320	2.200	-22.834
2736.330	2.290	-23.639
2736.340	2.290	-24.586
2736.350	2.290	-25.246
2736.360	2.340	-25.712
2736.370	2.340	-25.931
2736.380	2.340	-26.102
2736.390	2.570	-27.128
2736.400	2.570	-28.038
2736.410	2.570	-28.697
2736.420	2.870	-29.596
2736.430	2.870	-30.255
2736.440	2.870	-30.906
2736.450	3.090	-31.638
2736.460	3.090	-33.207
2736.470	3.090	-34.379
2736.480	3.320	-34.918
2736.490	3.320	-35.431
2736.500	3.320	-36.212
2736.510	3.590	-37.018
2736.520	3.590	-37.437
2736.530	3.590	-37.665
2736.540	3.410	-37.665
2736.550	3.410	-37.445
2736.560	3.410	-35.704
2736.570	3.060	-35.704
2736.580	3.060	-35.311
2736.590	3.060	-33.114
2736.600	2.820	-33.114
2736.610	2.820	-32.088
2736.620	2.820	-29.744
2736.630	2.480	-29.744
2736.640	2.480	-28.198
2736.650	2.480	-27.106
2736.660	2.090	-25.788
2736.670	2.090	-24.836
2736.680	2.090	-23.737
2736.690	1.900	-22.931
2736.700	1.900	-21.979
2736.710	1.900	-20.734
2736.720	1.690	-19.929
2736.730	1.690	-18.976
2736.740	1.690	-18.097
2736.750	1.420	-17.139
2736.760	1.420	-16.479
2736.770	1.420	-15.161
2736.780	1.010	-13.770
2736.790	1.010	-12.085
2736.800	1.010	-10.474
2736.810	0.520	-8.862
2736.820	0.520	-7.104
2736.830	0.520	-5.200
2736.840	-0.120	-3.442
2736.850	-0.120	-1.758
2736.860	-0.120	0.586
2736.870	-0.610	2.417
2736.880	-0.610	4.321
2736.890	-0.610	5.859
2736.900	-1.110	8.057
2736.910	-1.110	9.961
2736.920	-1.110	11.646
2736.930	-1.660	13.770
2736.940	-1.660	15.674
2736.950	-1.660	17.798
2736.960	-2.140	19.409
2736.970	-2.140	21.240
2736.980	-2.140	23.071
2736.990	-2.630	25.269
2737.000	-2.630	26.514
2737.010	-2.630	28.345
2737.020	-3.070	30.176
2737.030	-3.070	31.274
2737.040	-3.070	32.446
2737.050	-3.370	33.691
2737.060	-3.370	34.863
2737.070	-3.370	35.815
2737.080	-3.530	36.621
2737.090	-3.530	37.134
2737.100	-3.530	37.793
2737.110	-3.580	38.013
2737.120	-3.580	38.232
2737.130	-3.580	38.306
2737.140	-3.550	38.672
2737.150	-3.550	38.452
2737.160	-3.550	38.086
2737.170	-3.460	38.306
2737.180	-3.460	37.500
2737.190	-3.460	36.987
2737.200	-3.250	36.621
2737.210	-3.250	36.035
2737.220	-3.250	35.303
2737.230	-3.090	34.790
2737.240	-3.090	34.131
2737.250	-3.090	33.325
2737.260	-2.840	32.520
2737.270	-2.840	30.908
2737.280	-2.840	29.883
2737.290	-2.300	28.931
2737.300	-2.300	27.686
2737.310	-2.300	26.660
2737.320	-2.120	25.635
2737.330	-2.120	24.316
2737.340	-2.120	23.071
2737.350	-1.920	21.973
2737.360	-1.920	21.167
2737.370	-1.920	20.435
2737.380	-1.640	19.409
2737.390	-1.640	18.530
2737.400	-1.640	17.432
2737.410	-1.290	16.479
2737.420	-1.290	15.088
2737.430	-1.290	14.575
2737.440	-1.020	13.477
2737.450	-1.020	12.671
2737.460	-1.020	11.426
2737.470	-0.840	10.254
2737.480	-0.840	9.595
2737.490	-0.840	8.569
2737.500	-0.580	7.837
2737.510	-0.580	6.681
2737.520	-0.580	5.949
2737.530	-0.200	4.497
2737.540	-0.200	3.252
2737.550	-0.200	1.787
2737.560	0.190	0.689
2737.570	0.190	-0.312
2737.580	0.190	-1.338
2737.590	0.490	-2.649
2737.600	0.490	-3.748
2737.610	0.490	-4.936
2737.620	0.740	-6.254
2737.630	0.740	-7.147
2737.640	0.740	-8.489
2737.650	1.110	-9.575
2737.660	1.110	-11.919
2737.670	1.110	-13.383
2737.680	1.530	-14.562
2737.690	1.530	-16.027
2737.700	1.530	-16.979
2737.710	1.730	-16.979
2737.720	1.730	-18.078
2737.730	1.730	-20.324
2737.740	2.010	-20.324
2737.750	2.010	-21.143
2737.760	2.010	-23.437
2737.770	2.370	-23.437
2737.780	2.370	-24.316
2737.790	2.370	-26.294
2737.800	2.650	-26.294
2737.810	2.650	-27.319
2737.820	2.650	-29.150
2737.830	2.810	-29.150
2737.840	2.810	-29.736
2737.850	2.810	-31.055
2737.860	3.090	-32.067
2737.870	3.090	-32.872
2737.880	3.090	-34.264
2737.890	3.540	-35.289
2737.900	3.540	-36.998
2737.910	3.540	-37.951
2737.920	3.870	-38.377
2737.930	3.870	-39.475
2737.940	3.870	-40.061
2737.950	3.640	-40.061
2737.960	3.640	-40.498
2737.970	3.640	-40.644
2737.980	3.510	-40.125
2737.990	3.510	-39.832
2738.000	3.510	-38.855
2738.010	3.560	-38.416
2738.020	3.560	-38.283
2738.030	3.560	-37.624
2738.040	3.150	-36.405
2738.050	3.150	-35.526
2738.060	3.150	-34.517
2738.070	2.730	-33.418
2738.080	2.730	-32.326
2738.090	2.730	-30.862
2738.100	2.470	-29.690
2738.110	2.470	-28.298
2738.120	2.470	-26.760
2738.130	2.100	-25.002
2738.140	2.100	-23.877
2738.150	2.100	-22.559
2738.160	1.510	-20.435
2738.170	1.510	-19.116
2738.180	1.510	-17.578
2738.190	1.120	-16.113
2738.200	1.120	-14.209
2738.210	1.120	-12.524
2738.220	0.720	-10.767
2738.230	0.720	-9.155
2738.240	0.720	-7.471
2738.250	0.170	-5.640
2738.260	0.170	-4.102
2738.270	0.170	-2.344
2738.280	-0.360	-0.220
2738.290	-0.360	1.904
2738.300	-0.360	5.566
2738.310	-0.930	5.566
2738.320	-0.930	7.886
2738.330	-0.930	11.768
2738.340	-1.470	11.768
2738.350	-1.470	13.818
2738.360	-1.470	18.066
2738.370	-2.030	18.066
2738.380	-2.030	19.751
2738.390	-2.030	23.193
2738.400	-2.520	23.193
2738.410	-2.520	25.317
2738.420	-2.520	28.052
2738.430	-2.870	28.052
2738.440	-2.870	29.517
2738.450	-2.870	31.714
2738.460	-3.110	31.714
2738.470	-3.110	32.253
2738.480	-3.110	32.912
2738.490	-3.240	33.718
2738.500	-3.240	33.938
2738.510	-3.240	34.377
2738.520	-3.280	35.036
2738.530	-3.280	35.036
2738.540	-3.280	35.110
2738.550	-3.350	35.622
2738.560	-3.350	35.549
2738.570	-3.350	35.742
2738.580	-3.290	35.742
2738.590	-3.290	35.889
2738.600	-3.290	35.889
2738.610	-3.240	35.742
2738.620	-3.240	35.229
2738.630	-3.240	35.083
2738.640	-3.140	34.717
2738.650	-3.140	33.618
2738.660	-3.140	33.472
2738.670	-2.860	32.812
2738.680	-2.860	32.153
2738.690	-2.860	31.201
2738.700	-2.640	30.469
2738.710	-2.640	29.590
2738.720	-2.640	28.931
2738.730	-2.430	28.052
2738.740	-2.430	27.100
2738.750	-2.430	26.660
2738.760	-2.220	25.488
2738.770	-2.220	24.536
2738.780	-2.220	23.511
2738.790	-1.840	22.632
2738.800	-1.840	21.680
2738.810	-1.840	20.288
2738.820	-1.550	19.556
2738.830	-1.550	18.311
2738.840	-1.550	17.432
2738.850	-1.370	16.406
2738.860	-1.370	15.527
2738.870	-1.370	14.868
2738.880	-1.170	14.062
2738.890	-1.170	12.964
2738.900	-1.170	12.419
2738.910	-0.890	11.560
2738.920	-0.890	10.388
2738.930	-0.890	9.509
2738.940	-0.570	8.630
2738.950	-0.570	7.385
2738.960	-0.570	6.213
2738.970	-0.140	4.675
2738.980	-0.140	3.357
2738.990	-0.140	2.111
2739.000	0.250	0.533
2739.010	0.250	-0.513
2739.020	0.250	-1.978
2739.030	0.480	-3.369
2739.040	0.480	-4.468
2739.050	0.480	-5.859
2739.060	0.840	-7.031
2739.070	0.840	-8.350
2739.080	0.840	-10.506
2739.090	1.230	-10.506
2739.100	1.230	-11.971
2739.110	1.230	-14.461
2739.120	1.570	-14.461
2739.130	1.570	-15.120
2739.140	1.570	-16.366
2739.150	1.710	-17.045
2739.160	1.710	-17.924
2739.170	1.710	-18.656
2739.180	1.870	-19.608
2739.190	1.870	-20.235
2739.200	1.870	-20.674
2739.210	2.110	-21.553
2739.220	2.110	-22.066
2739.230	2.110	-23.311
2739.240	2.440	-24.776
2739.250	2.440	-25.488
2739.260	2.440	-26.367
2739.270	2.750	-27.686
2739.280	2.750	-28.491
2739.290	2.750	-29.297
2739.300	2.980	-30.762
2739.310	2.980	-31.567
2739.320	2.980	-33.561
2739.330	3.240	-33.561
2739.340	3.240	-33.634
2739.350	3.240	-34.513
2739.360	3.170	-34.513
2739.370	3.170	-34.001
2739.380	3.170	-34.147
2739.390	2.920	-34.147
2739.400	2.920	-33.415
2739.410	2.920	-32.756
2739.420	2.840	-32.756
2739.430	2.840	-31.934
2739.440	2.840	-31.128
2739.450	2.840	-31.128
2739.460	2.840	-30.908
2739.470	2.840	-30.176
2739.480	2.710	-30.176
2739.490	2.710	-30.322
2739.500	2.710	-29.297
2739.510	2.650	-29.297
2739.520	2.650	-29.004
2739.530	2.650	-28.711
2739.540	2.490	-28.491
2739.550	2.490	-28.198
2739.560	2.490	-27.539
2739.570	2.430	-27.539
2739.580	2.430	-27.173
2739.590	2.430	-25.635
2739.600	2.220	-25.635
2739.610	2.220	-24.450
2739.620	2.220	-22.667
2739.630	1.800	-22.667
2739.640	1.800	-19.741
2739.650	1.800	-18.230
2739.660	1.350	-18.230
2739.670	1.350	-16.635
2739.680	1.350	-13.279
2739.690	0.860	-13.279
2739.700	0.860	-10.200
2739.710	0.860	-8.393
2739.720	0.390	-6.855
2739.730	0.390	-6.855
2739.740	0.390	-4.068
2739.750	0.060	-2.504
2739.760	0.060	-2.504
2739.770	0.060	-0.943
2739.780	-0.270	0.303
2739.790	-0.270	1.797
2739.800	-0.270	3.758
2739.810	-0.840	5.310
2739.820	-0.840	6.848
2739.830	-0.840	8.899
2739.840	-1.440	10.876
2739.850	-1.440	12.854
2739.860	-1.440	14.831
2739.870	-1.930	16.582
2739.880	-1.930	18.853
2739.890	-1.930	20.741
2739.900	-2.400	21.946
2739.910	-2.400	23.910
2739.920	-2.400	25.522
2739.930	-2.730	26.474
2739.940	-2.730	27.939
2739.950	-2.730	29.314
2739.960	-2.930	29.833
2739.970	-2.930	30.785
2739.980	-2.930	31.005
2739.990	-2.970	31.298
2740.000	-2.970	32.445
2740.010	-2.970	32.445
2740.020	-3.030	32.638
2740.030	-3.030	32.931
2740.040	-3.030	33.224
2740.050	-3.170	33.167
2740.060	-3.170	34.373
2740.070	-3.170	34.153
2740.080	-3.240	34.466
2740.090	-3.240	34.686
2740.100	-3.240	34.531
2740.110	-3.270	34.678
2740.120	-3.270	35.632
2740.130	-3.270	35.925
2740.140	-3.310	35.512
2740.150	-3.310	35.073
2740.160	-3.310	34.519
2740.170	-3.140	34.300
2740.180	-3.140	33.767
2740.190	-3.140	33.401
2740.200	-2.730	32.475
2740.210	-2.730	31.743
2740.220	-2.730	29.570
2740.230	-2.490	29.570
2740.240	-2.490	28.738
2740.250	-2.490	28.078
2740.260	-2.380	26.827
2740.270	-2.380	26.094
2740.280	-2.380	25.435
2740.290	-2.110	24.556
2740.300	-2.110	24.090
2740.310	-2.110	23.431
2740.320	-1.890	22.033
2740.330	-1.890	21.300
2740.340	-1.890	20.494
2740.350	-1.660	19.396
2740.360	-1.660	18.922
2740.370	-1.660	18.190
2740.380	-1.370	16.918
2740.390	-1.370	16.406
2740.400	-1.370	15.234
2740.410	-1.190	14.428
2740.420	-1.190	13.710
2740.430	-1.190	12.905
2740.440	-0.970	11.946
2740.450	-0.970	11.213
2740.460	-0.970	9.863
2740.470	-0.580	8.910
2740.480	-0.580	8.205
2740.490	-0.580	5.869
2740.500	-0.270	5.869
2740.510	-0.270	4.624
2740.520	-0.270	2.410
2740.530	-0.020	2.410
2740.540	-0.020	1.172
2740.550	-0.020	0.193
2740.560	0.260	-0.759
2740.570	0.260	-2.086
2740.580	0.260	-3.477
2740.590	0.620	-4.356
2740.600	0.620	-5.609
2740.610	0.620	-6.635
2740.620	1.000	-8.165
2740.630	1.000	-9.092
2740.640	1.000	-10.118
2740.650	1.260	-11.556
2740.660	1.260	-12.362
2740.670	1.260	-13.525
2740.680	1.540	-14.551
2740.690	1.540	-16.341
2740.700	1.540	-17.586
2740.710	1.980	-18.825
2740.720	1.980	-19.704
2740.730	1.980	-21.339
2740.740	2.320	-22.438
2740.750	2.320	-23.789
2740.760	2.320	-25.254
2740.770	2.550	-26.139
2740.780	2.550	-27.384
2740.790	2.550	-28.442
2740.800	2.920	-29.355
2740.810	2.920	-30.460
2740.820	2.920	-31.998
2740.830	3.280	-32.657
2740.840	3.280	-34.049
2740.850	3.280	-35.351
2740.860	3.540	-36.363
2740.870	3.540	-37.308
2740.880	3.540	-39.172
2740.890	3.680	-39.172
2740.900	3.680	-39.578
2740.910	3.680	-40.457
2740.920	3.740	-40.457
2740.930	3.740	-40.970
2740.940	3.740	-40.221
2740.950	3.640	-40.221
2740.960	3.640	-40.088
2740.970	3.640	-38.818
2740.980	3.440	-38.818
2740.990	3.440	-38.306
2741.000	3.440	-37.134
2741.010	3.330	-37.134
2741.020	3.330	-36.108
2741.030	3.330	-33.911
2741.040	2.800	-33.911
2741.050	2.800	-32.593
2741.060	2.800	-29.883
2741.070	2.310	-29.883
2741.080	2.310	-28.198
2741.090	2.310	-24.609
2741.100	1.950	-24.609
2741.110	1.950	-23.218
2741.120	1.950	-20.142
2741.130	1.560	-20.142
2741.140	1.560	-18.970
2741.150	1.560	-16.626
2741.160	1.250	-16.626
2741.170	1.250	-15.088
2741.180	1.250	-12.817
2741.190	0.930	-12.817
2741.200	0.930	-11.646
2741.210	0.930	-9.082
2741.220	0.590	-9.082
2741.230	0.590	-7.910
2741.240	0.590	-4.727
2741.250	0.140	-4.727
2741.260	0.140	-2.921
2741.270	0.140	0.375
2741.280	-0.430	0.375
2741.290	-0.430	2.133
2741.300	-0.430	4.110
2741.310	-0.960	5.948
2741.320	-0.960	7.999
2741.330	-0.960	12.255
2741.340	-1.540	12.255
2741.350	-1.540	14.126
2741.360	-1.540	18.032
2741.370	-2.050	18.032
2741.380	-2.050	19.271
2741.390	-2.050	22.803
2741.400	-2.410	22.803
2741.410	-2.410	24.334
2741.420	-2.410	26.637
2741.430	-2.660	26.637
2741.440	-2.660	28.102
2741.450	-2.660	29.860
2741.460	-2.940	29.860
2741.470	-2.940	30.739
2741.480	-2.940	32.560
2741.490	-3.180	32.560
2741.500	-3.180	33.046
2741.510	-3.180	34.186
2741.520	-3.340	34.578
2741.530	-3.340	35.310
2741.540	-3.340	35.603
2741.550	-3.440	36.116
2741.560	-3.440	36.808
2741.570	-3.440	37.247
2741.580	-3.490	37.114
2741.590	-3.490	37.260
2741.600	-3.490	37.580
2741.610	-3.430	37.027
2741.620	-3.430	36.960
2741.630	-3.430	36.447
2741.640	-3.100	35.369
2741.650	-3.100	34.416
2741.660	-3.100	33.139
2741.670	-2.700	32.333
2741.680	-2.700	31.897
2741.690	-2.700	30.944
2741.700	-2.600	30.359
2741.710	-2.600	29.699
2741.720	-2.600	28.820
2741.730	-2.690	28.234
2741.740	-2.690	28.271
2741.750	-2.690	27.979
2741.760	-2.360	27.266
2741.770	-2.360	26.387
2741.780	-2.360	25.419
2741.790	-1.950	24.613
2741.800	-1.950	23.637
2741.810	-1.950	22.318
2741.820	-1.720	21.200
2741.830	-1.720	20.321
2741.840	-1.720	18.872
2741.850	-1.510	18.066
2741.860	-1.510	17.314
2741.870	-1.510	16.435
2741.880	-1.310	15.336
2741.890	-1.310	14.677
2741.900	-1.310	13.676
2741.910	-1.040	12.231
2741.920	-1.040	12.231
2741.930	-1.040	11.198
2741.940	-0.780	10.612
2741.950	-0.780	9.367
2741.960	-0.780	7.170
2741.970	-0.380	7.170
2741.980	-0.380	6.277
2741.990	-0.380	5.032
2742.000	-0.120	3.934
2742.010	-0.120	2.689
2742.020	-0.120	1.736
2742.030	0.160	0.499
2742.040	0.160	-0.892
2742.050	0.160	-1.771
2742.060	0.440	-2.577
2742.070	0.440	-3.602
2742.080	0.440	-4.614
2742.090	0.680	-5.786
2742.100	0.680	-6.812
2742.110	0.680	-7.764
2742.120	1.040	-8.936
2742.130	1.040	-10.107
2742.140	1.040	-10.693
2742.150	1.380	-12.012
2742.160	1.380	-13.184
2742.170	1.380	-13.770
2742.180	1.480	-14.722
2742.190	1.480	-15.527
2742.200	1.480	-16.626
2742.210	1.750	-17.871
2742.220	1.750	-18.677
2742.230	1.750	-19.409
2742.240	2.150	-20.801
2742.250	2.150	-21.810
2742.260	2.150	-22.909
2742.270	2.420	-24.107
2742.280	2.420	-25.132
2742.290	2.420	-26.011
2742.300	2.620	-26.817
2742.310	2.620	-28.217
2742.320	2.620	-28.949
2742.330	2.870	-29.722
2742.340	2.870	-30.910
2742.350	2.870	-33.270
2742.360	3.230	-33.270
2742.370	3.230	-34.415
2742.380	3.230	-36.759
2742.390	3.630	-36.759
2742.400	3.630	-37.491
2742.410	3.630	-38.728
2742.420	3.610	-38.728
2742.430	3.610	-39.201
2742.440	3.610	-39.478
2742.450	3.550	-39.478
2742.460	3.550	-39.185
2742.470	3.550	-39.331
2742.480	3.600	-39.331
2742.490	3.600	-38.818
2742.500	3.600	-38.159
2742.510	3.450	-38.159
2742.520	3.450	-37.866
2742.530	3.450	-36.768
2742.540	3.220	-36.768
2742.550	3.220	-35.669
2742.560	3.220	-34.497
2742.570	2.800	-32.886
2742.580	2.800	-30.981
2742.590	2.800	-29.663
2742.600	2.020	-27.666
2742.610	2.020	-25.761
2742.620	2.020	-23.784
2742.630	1.590	-22.026
2742.640	1.590	-19.959
2742.650	1.590	-16.443
2742.660	1.210	-16.443
2742.670	1.210	-14.685
2742.680	1.210	-11.902
2742.690	0.720	-11.902
2742.700	0.720	-10.750
2742.710	0.720	-8.407
2742.720	0.490	-8.407
2742.730	0.490	-7.088
2742.740	0.490	-3.955
2742.750	0.190	-3.955
2742.760	0.190	-2.563
2742.770	0.190	1.025
2742.780	-0.480	1.025
2742.790	-0.480	2.710
2742.800	-0.480	7.104
2742.810	-1.140	7.104
2742.820	-1.140	9.082
2742.830	-1.140	13.477
2742.840	-1.640	13.477
2742.850	-1.640	15.381
2742.860	-1.640	18.970
2742.870	-2.100	18.970
2742.880	-2.100	20.654
2742.890	-2.100	23.877
2742.900	-2.580	23.877
2742.910	-2.580	25.415
2742.920	-2.580	28.638
2742.930	-2.900	28.638
2742.940	-2.900	30.029
2742.950	-2.900	32.520
2742.960	-3.230	32.520
2742.970	-3.230	33.691
2742.980	-3.230	35.376
2742.990	-3.450	35.376
2743.000	-3.450	35.962
2743.010	-3.450	37.061
2743.020	-3.500	37.061
2743.030	-3.500	36.987
2743.040	-3.500	36.621
2743.050	-3.280	36.621
2743.060	-3.280	36.255
2743.070	-3.280	35.449
2743.080	-3.070	35.449
2743.090	-3.070	34.937
2743.100	-3.070	34.351
2743.110	-2.980	33.339
2743.120	-2.980	32.679
2743.130	-2.980	31.288
2743.140	-2.800	31.288
2743.150	-2.800	31.776
2743.160	-2.800	30.677
2743.170	-2.720	30.677
2743.180	-2.720	30.897
2743.190	-2.720	30.384
2743.200	-2.860	30.384
2743.210	-2.860	30.664
2743.220	-2.860	30.225
2743.230	-2.790	30.225
2743.240	-2.790	29.712
2743.250	-2.790	27.100
2743.260	-2.190	27.100
2743.270	-2.190	25.968
2743.280	-2.190	23.380
2743.290	-1.750	23.380
2743.300	-1.750	22.354
2743.310	-1.750	19.791
2743.320	-1.680	19.791
2743.330	-1.680	18.546
2743.340	-1.680	16.682
2743.350	-1.450	16.682
2743.360	-1.450	16.023
2743.370	-1.450	14.323
2743.380	-1.100	14.323
2743.390	-1.100	13.444
2743.400	-1.100	11.686
2743.410	-0.890	11.686
2743.420	-0.890	10.441
2743.430	-0.890	9.416
2743.440	-0.530	8.496
2743.450	-0.530	7.031
2743.460	-0.530	5.933
2743.470	-0.040	4.541
2743.480	-0.040	3.442
2743.490	-0.040	1.929
2743.500	0.190	0.510
2743.510	0.190	-0.661
2743.520	0.190	-2.053
2743.530	0.510	-3.371
2743.540	0.510	-4.324
2743.550	0.510	-5.349
2743.560	0.750	-6.414
2743.570	0.750	-7.733
2743.580	0.750	-8.742
2743.590	1.130	-9.785
2743.600	1.130	-11.077
2743.610	1.130	-12.102
2743.620	1.520	-13.201
2743.630	1.520	-14.600
2743.640	1.520	-15.772
2743.650	1.760	-16.878
2743.660	1.760	-17.936
2743.670	1.760	-18.962
2743.680	2.000	-19.857
2743.690	2.000	-21.174
2743.700	2.000	-21.833
2743.710	2.210	-22.758
2743.720	2.210	-23.344
2743.730	2.210	-23.849
2743.740	2.450	-25.314
2743.750	2.450	-26.438
2743.760	2.450	-27.537
2743.770	2.870	-28.509
2743.780	2.870	-29.388
2743.790	2.870	-30.202
2743.800	3.150	-31.154
2743.810	3.150	-32.499
2743.820	3.150	-34.078
2743.830	3.320	-34.823
2743.840	3.320	-35.336
2743.850	3.320	-37.069
2743.860	3.490	-37.069
2743.870	3.490	-38.329
2743.880	3.490	-38.695
2743.890	3.610	-38.695
2743.900	3.610	-39.427
2743.910	3.610	-39.460
2743.920	3.650	-39.460
2743.930	3.650	-40.032
2743.940	3.650	-40.106
2743.950	3.600	-39.633
2743.960	3.600	-38.746
2743.970	3.600	-38.460
2743.980	3.340	-38.053
2743.990	3.340	-37.524
2744.000	3.340	-36.864
2744.010	3.120	-35.826
2744.020	3.120	-34.947
2744.030	3.120	-33.555
2744.040	2.850	-32.164
2744.050	2.850	-30.879
2744.060	2.850	-29.568
2744.070	2.060	-27.857
2744.080	2.060	-25.806
2744.090	2.060	-23.699
2744.100	1.530	-21.794
2744.110	1.530	-19.789
2744.120	1.530	-17.958
2744.130	1.110	-15.914
2744.140	1.110	-14.083
2744.150	1.110	-12.765
2744.160	0.590	-10.779
2744.170	0.590	-9.211
2744.180	0.590	-6.281
2744.190	0.210	-6.281
2744.200	0.210	-2.953
2744.210	0.210	-1.048
2744.220	-0.260	0.423
2744.230	-0.260	0.423
2744.240	-0.260	4.159
2744.250	-0.710	4.159
2744.260	-0.710	5.916
2744.270	-0.710	9.627
2744.280	-1.300	9.627
2744.290	-1.300	11.825
2744.300	-1.300	15.780
2744.310	-1.840	15.780
2744.320	-1.840	17.464
2744.330	-1.840	21.346
2744.340	-2.350	21.346
2744.350	-2.350	23.104
2744.360	-2.350	26.294
2744.370	-2.740	26.294
2744.380	-2.740	27.759
2744.390	-2.740	30.322
2744.400	-3.030	30.322
2744.410	-3.030	30.981
2744.420	-3.030	33.032
2744.430	-3.220	33.032
2744.440	-3.220	33.618
2744.450	-3.220	34.863
2744.460	-3.340	34.863
2744.470	-3.340	35.522
2744.480	-3.340	35.889
2744.490	-3.380	35.762
2744.500	-3.380	35.542
2744.510	-3.380	36.462
2744.520	-3.290	35.983
2744.530	-3.290	35.836
2744.540	-3.290	35.885
2744.550	-3.210	35.885
2744.560	-3.210	35.665
2744.570	-3.210	34.933
2744.580	-3.110	34.480
2744.590	-3.110	34.240
2744.600	-3.110	34.314
2744.610	-3.020	33.394
2744.620	-3.020	33.808
2744.630	-3.020	33.296
2744.640	-2.940	32.810
2744.650	-2.940	31.516
2744.660	-2.940	30.637
2744.670	-2.630	30.197
2744.680	-2.630	29.820
2744.690	-2.630	28.941
2744.700	-2.280	27.849
2744.710	-2.280	27.043
2744.720	-2.280	25.424
2744.730	-2.090	24.545
2744.740	-2.090	23.639
2744.750	-2.090	22.622
2744.760	-1.900	22.622
2744.770	-1.900	21.597
2744.780	-1.900	20.449
2744.790	-1.680	19.570
2744.800	-1.680	18.978
2744.810	-1.680	17.074
2744.820	-1.370	17.074
2744.830	-1.370	15.755
2744.840	-1.370	13.543
2744.850	-1.000	13.543
2744.860	-1.000	12.298
2744.870	-1.000	10.327
2744.880	-0.700	10.327
2744.890	-0.700	9.229
2744.900	-0.700	6.958
2744.910	-0.500	6.958
2744.920	-0.500	5.713
2744.930	-0.500	3.662
2744.940	-0.120	3.662
2744.950	-0.120	2.570
2744.960	-0.120	0.073
2744.970	0.300	0.073
2744.980	0.300	-1.465
2744.990	0.300	-4.175
2745.000	0.660	-4.175
2745.010	0.660	-5.273
2745.020	0.660	-8.057
2745.030	0.980	-8.057
2745.040	0.980	-9.448
2745.050	0.980	-12.231
2745.060	1.360	-12.231
2745.070	1.360	-13.403
2745.080	1.360	-16.187
2745.090	1.810	-16.187
2745.100	1.810	-17.212
2745.110	1.810	-19.775
2745.120	2.070	-19.775
2745.130	2.070	-20.947
2745.140	2.070	-23.071
2745.150	2.290	-23.071
2745.160	2.290	-24.390
2745.170	2.290	-25.708
2745.180	2.560	-25.708
2745.190	2.560	-26.953
2745.200	2.560	-28.418
2745.210	2.770	-28.418
2745.220	2.770	-29.590
2745.230	2.770	-31.055
2745.240	2.980	-31.055
2745.250	2.980	-31.787
2745.260	2.980	-33.179
2745.270	3.210	-33.179
2745.280	3.210	-33.984
2745.290	3.210	-34.937
2745.300	3.270	-34.937
2745.310	3.270	-34.863
2745.320	3.270	-34.331
2745.330	3.110	-34.697
2745.340	3.110	-34.331
2745.350	3.110	-34.184
2745.360	3.030	-33.964
2745.370	3.030	-34.184
2745.380	3.030	-33.891
2745.390	3.130	-33.964
2745.400	3.130	-33.452
2745.410	3.130	-34.184
2745.420	3.220	-34.277
2745.430	3.220	-34.058
2745.440	3.220	-34.277
2745.450	3.050	-34.058
2745.460	3.050	-33.838
2745.470	3.050	-33.398
2745.480	2.920	-33.105
2745.490	2.920	-32.520
2745.500	2.920	-32.153
2745.510	2.710	-30.835
2745.520	2.710	-29.956
2745.530	2.710	-28.784
2745.540	2.190	-27.393
2745.550	2.190	-25.562
2745.560	2.190	-23.877
2745.570	1.540	-22.192
2745.580	1.540	-20.215
2745.590	1.540	-18.018
2745.600	1.120	-16.040
2745.610	1.120	-14.136
2745.620	1.120	-10.352
2745.630	0.540	-10.352
2745.640	0.540	-8.521
2745.650	0.540	-5.371
2745.660	0.120	-5.371
2745.670	0.120	-3.320
2745.680	0.120	0.488
2745.690	-0.500	0.488
2745.700	-0.500	2.539
2745.710	-0.500	6.860
2745.720	-1.080	6.860
2745.730	-1.080	8.936
2745.740	-1.080	13.550
2745.750	-1.710	13.550
2745.760	-1.710	15.894
2745.770	-1.710	19.995
2745.780	-2.240	19.995
2745.790	-2.240	21.826
2745.800	-2.240	25.415
2745.810	-2.700	25.415
2745.820	-2.700	26.880
2745.830	-2.700	29.370
2745.840	-2.990	29.370
2745.850	-2.990	30.908
2745.860	-2.990	32.593
2745.870	-3.200	32.593
2745.880	-3.200	33.105
2745.890	-3.200	34.277
2745.900	-3.260	34.277
2745.910	-3.260	34.424
2745.920	-3.260	34.717
2745.930	-3.170	34.717
2745.940	-3.170	34.790
2745.950	-3.170	34.497
2745.960	-3.100	34.497
2745.970	-3.100	34.131
2745.980	-3.100	33.984
2745.990	-3.150	33.984
2746.000	-3.150	34.497
2746.010	-3.150	34.644
2746.020	-3.230	34.644
2746.030	-3.230	34.424
2746.040	-3.230	35.010
2746.050	-3.290	35.010
2746.060	-3.290	34.750
2746.070	-3.290	34.530
2746.080	-3.120	34.530
2746.090	-3.120	34.237
2746.100	-3.120	33.066
2746.110	-2.920	32.773
2746.120	-2.920	31.894
2746.130	-2.920	31.308
2746.140	-2.590	30.136
2746.150	-2.590	29.330
2746.160	-2.590	28.345
2746.170	-2.290	27.539
2746.180	-2.290	25.928
2746.190	-2.290	25.269
2746.200	-2.040	24.683
2746.210	-2.040	23.657
2746.220	-2.040	22.559
2746.230	-1.950	21.973
2746.240	-1.950	21.167
2746.250	-1.950	19.922
2746.260	-1.550	19.116
2746.270	-1.550	18.164
2746.280	-1.550	17.065
2746.290	-1.210	15.820
2746.300	-1.210	14.795
2746.310	-1.210	13.477
2746.320	-0.910	12.671
2746.330	-0.910	11.060
2746.340	-0.910	9.668
2746.350	-0.570	8.716
2746.360	-0.570	7.324
2746.370	-0.570	6.006
2746.380	-0.200	4.980
2746.390	-0.200	3.735
2746.400	-0.200	2.344
2746.410	0.230	1.025
2746.420	0.230	-0.806
2746.430	0.230	-2.124
2746.440	0.680	-3.809
2746.450	0.680	-4.980
2746.460	0.680	-6.372
2746.470	0.990	-7.690
2746.480	0.990	-9.302
2746.490	0.990	-10.474
2746.500	1.300	-11.938
2746.510	1.300	-13.330
2746.520	1.300	-14.282
2746.530	1.660	-15.820
2746.540	1.660	-16.553
2746.550	1.660	-18.091
2746.560	2.010	-19.043
2746.570	2.010	-20.215
2746.580	2.010	-20.874
2746.590	2.170	-22.192
2746.600	2.170	-22.778
2746.610	2.170	-23.437
2746.620	2.330	-24.316
2746.630	2.330	-24.756
2746.640	2.330	-25.928
2746.650	2.610	-26.587
2746.660	2.610	-27.539
2746.670	2.610	-28.564
2746.680	2.930	-29.810
2746.690	2.930	-30.469
2746.700	2.930	-31.567
2746.710	3.220	-32.812
2746.720	3.220	-33.618
2746.730	3.220	-34.424
2746.740	3.340	-35.156
2746.750	3.340	-35.596
2746.760	3.340	-36.401
2746.770	3.410	-36.914
2746.780	3.410	-36.768
2746.790	3.410	-37.280
2746.800	3.510	-37.720
2746.810	3.510	-37.646
2746.820	3.510	-38.086
2746.830	3.480	-38.452
2746.840	3.480	-38.086
2746.850	3.480	-38.452
2746.860	3.510	-38.232
2746.870	3.510	-38.086
2746.880	3.510	-38.306
2746.890	3.470	-37.866
2746.900	3.470	-37.427
2746.910	3.470	-37.207
2746.920	3.200	-36.475
2746.930	3.200	-35.815
2746.940	3.200	-35.376
2746.950	3.020	-34.644
2746.960	3.020	-33.618
2746.970	3.020	-32.153
2746.980	2.490	-30.029
2746.990	2.490	-28.125
2747.000	2.490	-26.074
2747.010	1.380	-23.364
2747.020	1.380	-20.728
2747.030	1.380	-15.666
2747.040	0.770	-15.666
2747.050	0.770	-12.809
2747.060	0.770	-7.829
2747.070	0.340	-7.829
2747.080	0.340	-6.071
2747.090	0.340	-1.969
2747.100	-0.170	-1.969
2747.110	-0.170	-0.431
2747.120	-0.170	3.451
2747.130	-0.720	3.451
2747.140	-0.720	5.786
2747.150	-0.720	10.034
2747.160	-1.470	10.034
2747.170	-1.470	12.305
2747.180	-1.470	16.846
2747.190	-2.110	16.846
2747.200	-2.110	19.043
2747.210	-2.110	21.240
2747.220	-2.480	22.951
2747.230	-2.480	24.856
2747.240	-2.480	26.394
2747.250	-2.880	28.005
2747.260	-2.880	29.641
2747.270	-2.880	31.985
2747.280	-3.180	31.985
2747.290	-3.180	33.157
2747.300	-3.180	34.541
2747.310	-3.410	34.541
2747.320	-3.410	35.613
2747.330	-3.410	36.916
2747.340	-3.470	36.916
2747.350	-3.470	37.135
2747.360	-3.470	37.038
2747.370	-3.370	36.778
2747.380	-3.370	36.558
2747.390	-3.370	36.640
2747.400	-3.250	36.859
2747.410	-3.250	36.573
2747.420	-3.250	36.500
2747.430	-3.250	35.264
2747.440	-3.250	35.118
2747.450	-3.250	35.175
2747.460	-3.160	34.362
2747.470	-3.160	34.476
2747.480	-3.160	34.329
2747.490	-3.040	34.028
2747.500	-3.040	33.711
2747.510	-3.040	33.491
2747.520	-3.010	32.692
2747.530	-3.010	32.406
2747.540	-3.010	31.673
2747.550	-2.700	30.737
2747.560	-2.700	31.078
2747.570	-2.700	30.272
2747.580	-2.500	29.446
2747.590	-2.500	28.421
2747.600	-2.500	27.493
2747.610	-2.360	26.614
2747.620	-2.360	25.875
2747.630	-2.360	25.444
2747.640	-2.080	24.518
2747.650	-2.080	23.566
2747.660	-2.080	22.061
2747.670	-1.750	21.109
2747.680	-1.750	19.810
2747.690	-1.750	19.021
2747.700	-1.330	17.529
2747.710	-1.330	14.819
2747.720	-1.330	14.819
2747.730	-0.890	13.073
2747.740	-0.890	10.833
2747.750	-0.890	10.833
2747.760	-0.510	9.202
2747.770	-0.510	7.737
2747.780	-0.510	6.638
2747.790	-0.230	4.938
2747.800	-0.230	3.719
2747.810	-0.230	2.327
2747.820	0.200	0.863
2747.830	0.200	-0.329
2747.840	0.200	-1.721
2747.850	0.570	-3.243
2747.860	0.570	-4.582
2747.870	0.570	-6.120
2747.880	0.920	-7.185
2747.890	0.920	-8.284
2747.900	0.920	-9.382
2747.910	1.170	-10.701
2747.920	1.170	-11.596
2747.930	1.170	-12.768
2747.940	1.490	-13.973
2747.950	1.490	-15.145
2747.960	1.490	-16.349
2747.970	1.910	-17.448
2747.980	1.910	-19.068
2747.990	1.910	-20.460
2748.000	2.280	-21.738
2748.010	2.280	-23.203
2748.020	2.280	-24.285
2748.030	2.570	-25.457
2748.040	2.570	-27.255
2748.050	2.570	-28.061
2748.060	2.820	-28.647
2748.070	2.820	-29.745
2748.080	2.820	-30.209
2748.090	2.990	-31.088
2748.100	2.990	-32.397
2748.110	2.990	-32.617
2748.120	3.140	-33.170
2748.130	3.140	-33.536
2748.140	3.140	-33.609
2748.150	3.250	-34.635
2748.160	3.250	-35.530
2748.170	3.250	-35.969
2748.180	3.410	-36.282
2748.190	3.410	-36.575
2748.200	3.410	-36.551
2748.210	3.460	-36.551
2748.220	3.460	-37.357
2748.230	3.460	-37.284
2748.240	3.260	-36.811
2748.250	3.260	-35.859
2748.260	3.260	-35.037
2748.270	2.880	-34.598
2748.280	2.880	-34.553
2748.290	2.880	-34.187
2748.300	3.080	-33.701
2748.310	3.080	-33.848
2748.320	3.080	-32.928
2748.330	3.180	-32.781
2748.340	3.180	-33.262
2748.350	3.180	-32.969
2748.360	2.850	-32.630
2748.370	2.850	-31.897
2748.380	2.850	-30.685
2748.390	2.540	-30.685
2748.400	2.540	-29.633
2748.410	2.540	-28.388
2748.420	2.200	-26.770
2748.430	2.200	-25.232
2748.440	2.200	-22.733
2748.450	1.450	-21.122
2748.460	1.450	-19.191
2748.470	1.450	-17.287
2748.480	0.780	-15.322
2748.490	0.780	-12.678
2748.500	0.780	-10.554
2748.510	0.380	-8.283
2748.520	0.380	-6.678
2748.530	0.380	-4.774
2748.540	-0.080	-2.943
2748.550	-0.080	-0.892
2748.560	-0.080	0.719
2748.570	-0.700	3.136
2748.580	-0.700	5.363
2748.590	-0.700	7.261
2748.600	-1.420	9.824
2748.610	-1.420	12.095
2748.620	-1.420	14.658
2748.630	-2.130	17.002
2748.640	-2.130	19.997
2748.650	-2.130	22.121
2748.660	-2.700	24.171
2748.670	-2.700	26.222
2748.680	-2.700	28.110
2748.690	-3.140	30.314
2748.700	-3.140	32.121
2748.710	-3.140	33.512
2748.720	-3.490	34.738
2748.730	-3.490	36.129
2748.740	-3.490	36.357
2748.750	-3.680	37.382
2748.760	-3.680	38.929
2748.770	-3.680	39.148
2748.780	-3.660	39.228
2748.790	-3.660	39.375
2748.800	-3.660	38.667
2748.810	-3.490	38.667
2748.820	-3.490	38.467
2748.830	-3.490	37.768
2748.840	-3.210	37.328
2748.850	-3.210	36.669
2748.860	-3.210	35.416
2748.870	-3.110	35.196
2748.880	-3.110	35.344
2748.890	-3.110	34.525
2748.900	-3.200	34.891
2748.910	-3.200	34.891
2748.920	-3.200	34.598
2748.930	-3.280	34.712
2748.940	-3.280	34.492
2748.950	-3.280	34.386
2748.960	-3.020	34.093
2748.970	-3.020	33.507
2748.980	-3.020	32.620
2748.990	-2.760	32.414
2749.000	-2.760	31.942
2749.010	-2.760	30.843
2749.020	-2.610	30.004
2749.030	-2.610	28.906
2749.040	-2.610	26.733
2749.050	-2.220	26.733
2749.060	-2.220	25.854
2749.070	-2.220	23.730
2749.080	-1.860	23.730
2749.090	-1.860	22.631
2749.100	-1.860	19.587
2749.110	-1.610	19.587
2749.120	-1.610	18.449
2749.130	-1.610	15.885
2749.140	-1.230	15.885
2749.150	-1.230	14.722
2749.160	-1.230	12.085
2749.170	-0.790	10.620
2749.180	-0.790	9.082
2749.190	-0.790	7.983
2749.200	-0.410	7.983
2749.210	-0.410	6.372
2749.220	-0.410	3.296
2749.230	0.040	3.296
2749.240	0.040	1.904
2749.250	0.040	-0.732
2749.260	0.350	-0.732
2749.270	0.350	-2.271
2749.280	0.350	-5.054
2749.290	0.680	-5.054
2749.300	0.680	-6.519
2749.310	0.680	-9.375
2749.320	1.150	-9.375
2749.330	1.150	-10.840
2749.340	1.150	-14.136
2749.350	1.650	-14.136
2749.360	1.650	-15.894
2749.370	1.650	-18.970
2749.380	2.090	-18.970
2749.390	2.090	-20.581
2749.400	2.090	-23.437
2749.410	2.490	-23.437
2749.420	2.490	-24.976
2749.430	2.490	-27.539
2749.440	2.750	-28.491
2749.450	2.750	-29.590
2749.460	2.750	-30.762
2749.470	2.980	-30.762
2749.480	2.980	-32.227
2749.490	2.980	-33.032
2749.500	3.410	-33.984
2749.510	3.410	-34.424
2749.520	3.410	-35.083
2749.530	3.410	-35.962
2749.540	3.410	-36.027
2749.550	3.410	-36.686
2749.560	3.300	-36.706
2749.570	3.300	-36.999
2749.580	3.300	-37.072
2749.590	3.480	-37.292
2749.600	3.480	-37.146
2749.610	3.480	-37.072
2749.620	3.440	-37.219
2749.630	3.440	-37.487
2749.640	3.440	-37.129
2749.650	3.250	-37.129
2749.660	3.250	-37.256
2749.670	3.250	-37.329
2749.680	3.310	-36.816
2749.690	3.310	-36.404
2749.700	3.310	-36.623
2749.710	3.460	-36.697
2749.720	3.460	-36.697
2749.730	3.460	-36.127
2749.740	3.260	-35.894
2749.750	3.260	-35.381
2749.760	3.260	-34.722
2749.770	2.840	-33.770
2749.780	2.840	-33.404
2749.790	2.840	-33.100
2749.800	2.740	-31.829
2749.810	2.740	-30.290
2749.820	2.740	-28.907
2749.830	2.200	-26.658
2749.840	2.200	-25.060
2749.850	2.200	-23.229
2749.860	1.250	-21.098
2749.870	1.250	-18.982
2749.880	1.250	-14.059
2749.890	0.850	-14.059
2749.900	0.850	-11.888
2749.910	0.850	-7.705
2749.920	0.350	-7.705
2749.930	0.350	-6.154
2749.940	0.350	-1.686
2749.950	-0.240	-1.686
2749.960	-0.240	0.065
2749.970	-0.240	5.200
2749.980	-1.120	5.200
2749.990	-1.120	7.544
2750.000	-1.120	10.181
2750.010	-1.910	12.658
2750.020	-1.910	15.661
2750.030	-1.910	18.370
2750.040	-2.440	20.714
2750.050	-2.440	23.278
2750.060	-2.440	26.069
2750.070	-3.020	27.980
2750.080	-3.020	29.811
2750.090	-3.020	31.935
2750.100	-3.510	33.913
2750.110	-3.510	36.302
2750.120	-3.510	37.547
2750.130	-3.900	38.746
2750.140	-3.900	40.064
2750.150	-3.900	40.943
2750.160	-4.070	41.667
2750.170	-4.070	42.466
2750.180	-4.070	43.435
2750.190	-3.970	43.142
2750.200	-3.970	42.702
2750.210	-3.970	42.084
2750.220	-3.680	41.498
2750.230	-3.680	41.602
2750.240	-3.680	40.942
2750.250	-3.420	39.731
2750.260	-3.420	39.250
2750.270	-3.420	38.225
2750.280	-3.250	36.664
2750.290	-3.250	36.444
2750.300	-3.250	35.712
2750.310	-3.030	34.833
2750.320	-3.030	34.825
2750.330	-3.030	33.742
2750.340	-2.940	33.157
2750.350	-2.940	32.830
2750.360	-2.940	31.846
2750.370	-2.870	31.113
2750.380	-2.870	31.453
2750.390	-2.870	30.501
2750.400	-2.500	29.616
2750.410	-2.500	27.695
2750.420	-2.500	26.816
2750.430	-2.210	26.816
2750.440	-2.210	24.985
2750.450	-2.210	24.985
2750.460	-2.080	23.980
2750.470	-2.080	23.101
2750.480	-2.080	21.669
2750.490	-1.730	20.936
2750.500	-1.730	19.844
2750.510	-1.730	19.437
2750.520	-1.450	18.017
2750.530	-1.450	16.845
2750.540	-1.450	15.527
2750.550	-1.090	13.456
2750.560	-1.090	12.268
2750.570	-1.090	11.023
2750.580	-0.750	9.631
2750.590	-0.750	8.592
2750.600	-0.750	6.965
2750.610	-0.380	5.700
2750.620	-0.380	4.528
2750.630	-0.380	3.356
2750.640	-0.020	1.818
2750.650	-0.020	0.499
2750.660	-0.020	-0.656
2750.670	0.350	-0.656
2750.680	0.350	-2.194
2750.690	0.350	-4.671
2750.700	0.750	-4.671
2750.710	0.750	-6.152
2750.720	0.750	-8.716
2750.730	1.030	-8.716
2750.740	1.030	-9.668
2750.750	1.030	-12.231
2750.760	1.280	-12.231
2750.770	1.280	-13.623
2750.780	1.280	-15.088
2750.790	1.780	-16.040
2750.800	1.780	-17.578
2750.810	1.780	-18.604
2750.820	2.120	-19.968
2750.830	2.120	-20.847
2750.840	2.120	-22.312
2750.850	2.370	-23.338
2750.860	2.370	-24.070
2750.870	2.370	-25.673
2750.880	2.540	-26.059
2750.890	2.540	-26.938
2750.900	2.540	-27.964
2750.910	2.870	-28.769
2750.920	2.870	-30.049
2750.930	2.870	-32.247
2750.940	3.130	-32.247
2750.950	3.130	-32.832
2750.960	3.130	-33.720
2750.970	3.220	-33.720
2750.980	3.220	-34.252
2750.990	3.220	-35.668
2751.000	3.270	-35.668
2751.010	3.270	-35.915
2751.020	3.270	-37.013
2751.030	3.480	-37.013
2751.040	3.480	-36.867
2751.050	3.480	-37.379
2751.060	3.470	-37.379
2751.070	3.470	-37.313
2751.080	3.470	-37.883
2751.090	3.350	-37.883
2751.100	3.350	-37.810
2751.110	3.350	-37.409
2751.120	3.420	-37.409
2751.130	3.420	-37.189
2751.140	3.420	-36.750
2751.150	3.390	-36.750
2751.160	3.390	-36.677
2751.170	3.390	-35.522
2751.180	3.130	-35.522
2751.190	3.130	-35.010
2751.200	3.130	-33.545
2751.210	2.860	-33.545
2751.220	2.860	-32.227
2751.230	2.860	-29.443
2751.240	2.340	-29.443
2751.250	2.340	-27.539
2751.260	2.340	-23.950
2751.270	1.620	-23.950
2751.280	1.620	-21.720
2751.290	1.620	-19.815
2751.300	1.170	-17.691
2751.310	1.170	-15.641
2751.320	1.170	-13.809
2751.330	0.750	-11.978
2751.340	0.750	-10.074
2751.350	0.750	-8.609
2751.360	0.260	-6.851
2751.370	0.260	-4.947
2751.380	0.260	-2.930
2751.390	-0.350	-0.806
2751.400	-0.350	1.538
2751.410	-0.350	3.516
2751.420	-1.120	6.299
2751.430	-1.120	8.569
2751.440	-1.120	10.913
2751.450	-1.760	13.403
2751.460	-1.760	15.820
2751.470	-1.760	18.018
2751.480	-2.300	19.995
2751.490	-2.300	21.899
2751.500	-2.300	23.730
2751.510	-2.680	25.708
2751.520	-2.680	27.026
2751.530	-2.680	28.345
2751.540	-2.990	29.736
2751.550	-2.990	30.542
2751.560	-2.990	31.128
2751.570	-3.080	32.373
2751.580	-3.080	32.666
2751.590	-3.080	33.179
2751.600	-3.170	33.545
2751.610	-3.170	34.131
2751.620	-3.170	34.277
2751.630	-3.280	34.937
2751.640	-3.280	34.644
2751.650	-3.280	35.229
2751.660	-3.340	35.889
2751.670	-3.340	35.522
2751.680	-3.340	35.596
2751.690	-3.300	35.962
2751.700	-3.300	35.669
2751.710	-3.300	35.303
2751.720	-3.120	34.937
2751.730	-3.120	34.424
2751.740	-3.120	34.277
2751.750	-2.960	33.398
2751.760	-2.960	32.886
2751.770	-2.960	32.593
2751.780	-2.850	32.300
2751.790	-2.850	31.714
2751.800	-2.850	31.494
2751.810	-2.830	30.835
2751.820	-2.830	30.469
2751.830	-2.830	29.590
2751.840	-2.570	29.297
2751.850	-2.570	28.564
2751.860	-2.570	27.979
2751.870	-2.270	27.100
2751.880	-2.270	26.864
2751.890	-2.270	25.692
2751.900	-2.180	24.879
2751.910	-2.180	24.074
2751.920	-2.180	23.561
2751.930	-2.010	22.975
2751.940	-2.010	22.145
2751.950	-2.010	21.559
2751.960	-1.670	20.387
2751.970	-1.670	19.508
2751.980	-1.670	16.961
2751.990	-1.240	16.961
2752.000	-1.240	15.430
2752.010	-1.240	12.134
2752.020	-0.770	12.134
2752.030	-0.770	10.596
2752.040	-0.770	7.324
2752.050	-0.300	7.324
2752.060	-0.300	5.713
2752.070	-0.300	2.490
2752.080	0.060	2.490
2752.090	0.060	0.952
2752.100	0.060	-0.439
2752.110	0.510	-1.978
2752.120	0.510	-3.369
2752.130	0.510	-5.273
2752.140	0.990	-6.825
2752.150	0.990	-8.583
2752.160	0.990	-10.414
2752.170	1.550	-12.245
2752.180	1.550	-14.572
2752.190	1.550	-16.623
2752.200	2.190	-18.494
2752.210	2.190	-20.545
2752.220	2.190	-22.449
2752.230	2.650	-23.914
2752.240	2.650	-26.000
2752.250	2.650	-27.465
2752.260	2.780	-28.284
2752.270	2.780	-29.090
2752.280	2.780	-29.545
2752.290	2.820	-30.205
2752.300	2.820	-31.255
2752.310	2.820	-31.621
2752.320	2.960	-31.755
2752.330	2.960	-32.267
2752.340	2.960	-32.072
2752.350	3.110	-32.438
2752.360	3.110	-33.304
2752.370	3.110	-34.256
2752.380	3.180	-34.163
2752.390	3.180	-34.675
2752.400	3.180	-34.537
2752.410	3.290	-34.976
2752.420	3.290	-35.820
2752.430	3.290	-35.820
2752.440	3.340	-36.126
2752.450	3.340	-36.924
2752.460	3.340	-36.704
2752.470	3.380	-37.163
2752.480	3.380	-37.017
2752.490	3.380	-37.237
2752.500	3.380	-36.504
2752.510	3.380	-35.894
2752.520	3.380	-35.528
2752.530	3.080	-35.528
2752.540	3.080	-34.928
2752.550	3.080	-32.886
2752.560	2.790	-32.886
2752.570	2.790	-31.714
2752.580	2.790	-30.542
