% Time (s)	Gyro Output (rads/s)	Input Rate (RPM)	%10/7/20259:25 AM
0.000	0.000	0.000
2583.590	-0.010	0.000
2583.600	-0.010	0.000
2583.610	-0.010	0.000
2583.620	-0.010	0.000
2583.630	-0.010	0.000
2583.640	-0.010	0.000
2583.650	-0.010	0.000
2583.660	-0.010	0.000
2583.670	-0.010	0.000
2583.680	-0.010	0.000
2583.690	-0.010	0.000
2583.700	-0.010	0.000
2583.710	-0.010	0.000
2583.720	-0.010	0.000
2583.730	-0.010	0.000
2583.740	-0.010	0.000
2583.750	-0.010	0.000
2583.760	-0.010	0.000
2583.770	-0.010	0.000
2583.780	-0.010	0.000
2583.790	-0.010	0.000
2583.800	-0.010	0.000
2583.810	-0.010	0.000
2583.820	-0.010	0.000
2583.830	-0.010	0.000
2583.840	-0.010	0.000
2583.850	-0.010	0.000
2583.860	-0.010	0.000
2583.870	0.000	0.000
2583.880	0.000	-0.081
2583.890	0.000	-0.081
2583.900	0.010	-0.148
2583.910	0.010	-0.229
2583.920	0.010	-0.229
2583.930	0.010	-0.229
2583.940	0.010	-0.303
2583.950	0.010	-0.369
2583.960	0.020	-0.369
2583.970	0.020	-0.442
2583.980	0.020	-0.442
2583.990	0.030	-0.509
2584.000	0.030	-0.516
2584.010	0.030	-0.597
2584.020	0.050	-0.582
2584.030	0.050	-0.655
2584.040	0.050	-0.655
2584.050	0.050	-0.662
2584.060	0.050	-0.735
2584.070	0.050	-0.735
2584.080	0.060	-0.727
2584.090	0.060	-0.734
2584.100	0.060	-0.807
2584.110	0.090	-0.872
2584.120	0.090	-0.952
2584.130	0.090	-1.099
2584.140	0.140	-1.318
2584.150	0.140	-1.611
2584.160	0.140	-1.758
2584.170	0.190	-1.904
2584.180	0.190	-2.051
2584.190	0.190	-2.197
2584.200	0.220	-2.271
2584.210	0.220	-2.344
2584.220	0.220	-2.490
2584.230	0.290	-2.783
2584.240	0.290	-2.930
2584.250	0.290	-2.930
2584.260	0.360	-3.149
2584.270	0.360	-3.369
2584.280	0.360	-3.735
2584.290	0.410	-4.175
2584.300	0.410	-4.395
2584.310	0.410	-4.687
2584.320	0.510	-5.200
2584.330	0.510	-5.493
2584.340	0.510	-5.786
2584.350	0.710	-6.592
2584.360	0.710	-6.885
2584.370	0.710	-7.178
2584.380	0.810	-7.690
2584.390	0.810	-7.837
2584.400	0.810	-8.716
2584.410	0.900	-9.155
2584.420	0.900	-9.448
2584.430	0.900	-9.888
2584.440	1.050	-10.693
2584.450	1.050	-10.547
2584.460	1.050	-11.442
2584.470	1.180	-11.975
2584.480	1.180	-12.341
2584.490	1.180	-13.464
2584.500	1.310	-13.464
2584.510	1.310	-14.123
2584.520	1.310	-15.075
2584.530	1.440	-15.075
2584.540	1.440	-15.149
2584.550	1.440	-16.377
2584.560	1.600	-16.377
2584.570	1.600	-16.577
2584.580	1.600	-17.139
2584.590	1.650	-17.139
2584.600	1.650	-17.285
2584.610	1.650	-17.432
2584.620	1.600	-17.285
2584.630	1.600	-17.285
2584.640	1.600	-17.358
2584.650	1.440	-16.846
2584.660	1.440	-16.577
2584.670	1.440	-16.650
2584.680	1.370	-16.084
2584.690	1.370	-15.425
2584.700	1.370	-14.839
2584.710	1.190	-14.473
2584.720	1.190	-13.985
2584.730	1.190	-13.033
2584.740	0.930	-12.300
2584.750	0.930	-11.495
2584.760	0.930	-10.225
2584.770	0.580	-9.200
2584.780	0.580	-8.423
2584.790	0.580	-7.397
2584.800	0.240	-6.365
2584.810	0.240	-4.974
2584.820	0.240	-3.851
2584.830	-0.050	-2.752
2584.840	-0.050	-1.230
2584.850	-0.050	-0.132
2584.860	-0.350	0.840
2584.870	-0.350	2.086
2584.880	-0.350	3.379
2584.890	-0.630	4.258
2584.900	-0.630	5.350
2584.910	-0.630	6.376
2584.920	-0.840	7.255
2584.930	-0.840	7.987
2584.940	-0.840	8.443
2584.950	-1.030	9.468
2584.960	-1.030	10.254
2584.970	-1.030	10.693
2584.980	-1.220	11.646
2584.990	-1.220	12.305
2585.000	-1.220	12.744
2585.010	-1.400	13.550
2585.020	-1.400	14.136
2585.030	-1.400	14.502
2585.040	-1.520	15.454
2585.050	-1.520	15.674
2585.060	-1.520	15.820
2585.070	-1.630	16.699
2585.080	-1.630	16.772
2585.090	-1.630	17.432
2585.100	-1.720	18.018
2585.110	-1.720	17.651
2585.120	-1.720	18.164
2585.130	-1.800	18.750
2585.140	-1.800	18.896
2585.150	-1.800	19.189
2585.160	-1.840	19.702
2585.170	-1.840	19.930
2585.180	-1.840	19.784
2585.190	-1.820	19.737
2585.200	-1.820	19.517
2585.210	-1.820	20.030
2585.220	-1.770	19.737
2585.230	-1.770	19.395
2585.240	-1.770	19.249
2585.250	-1.690	18.862
2585.260	-1.690	18.643
2585.270	-1.690	18.195
2585.280	-1.660	18.268
2585.290	-1.660	18.242
2585.300	-1.660	18.242
2585.310	-1.670	17.876
2585.320	-1.670	17.876
2585.330	-1.670	17.924
2585.340	-1.610	17.778
2585.350	-1.610	17.651
2585.360	-1.610	17.358
2585.370	-1.550	17.212
2585.380	-1.550	16.772
2585.390	-1.550	16.260
2585.400	-1.360	15.601
2585.410	-1.360	15.454
2585.420	-1.360	14.062
2585.430	-1.150	14.062
2585.440	-1.150	12.964
2585.450	-1.150	12.809
2585.460	-0.950	12.150
2585.470	-0.950	11.398
2585.480	-0.950	10.885
2585.490	-0.820	10.153
2585.500	-0.820	9.933
2585.510	-0.820	9.200
2585.520	-0.720	8.468
2585.530	-0.720	8.012
2585.540	-0.720	7.793
2585.550	-0.510	6.742
2585.560	-0.510	6.156
2585.570	-0.510	5.370
2585.580	-0.220	4.638
2585.590	-0.220	3.979
2585.600	-0.220	3.027
2585.610	-0.040	2.221
2585.620	-0.040	1.619
2585.630	-0.040	0.756
2585.640	0.130	-0.156
2585.650	0.130	-0.928
2585.660	0.130	-1.588
2585.670	0.340	-2.247
2585.680	0.340	-3.134
2585.690	0.340	-4.013
2585.700	0.550	-4.545
2585.710	0.550	-5.278
2585.720	0.550	-6.141
2585.730	0.770	-6.800
2585.740	0.770	-7.784
2585.750	0.770	-8.223
2585.760	0.950	-8.916
2585.770	0.950	-9.428
2585.780	0.950	-10.079
2585.790	1.060	-10.226
2585.800	1.060	-11.321
2585.810	1.060	-11.907
2585.820	1.200	-12.213
2585.830	1.200	-12.652
2585.840	1.200	-12.661
2585.850	1.320	-13.466
2585.860	1.320	-13.872
2585.870	1.320	-14.719
2585.880	1.460	-14.852
2585.890	1.460	-15.511
2585.900	1.460	-15.568
2585.910	1.520	-15.715
2585.920	1.520	-16.417
2585.930	1.520	-17.003
2585.940	1.550	-16.943
2585.950	1.550	-16.943
2585.960	1.550	-17.334
2585.970	1.600	-17.334
2585.980	1.600	-17.494
2585.990	1.600	-17.494
2586.000	1.620	-17.540
2586.010	1.620	-17.907
2586.020	1.620	-17.410
2586.030	1.630	-17.337
2586.040	1.630	-18.121
2586.050	1.630	-18.194
2586.060	1.640	-17.943
2586.070	1.640	-17.723
2586.080	1.640	-17.796
2586.090	1.620	-18.089
2586.100	1.620	-17.904
2586.110	1.620	-17.611
2586.120	1.540	-17.738
2586.130	1.540	-17.298
2586.140	1.540	-16.721
2586.150	1.480	-16.574
2586.160	1.480	-16.101
2586.170	1.480	-16.101
2586.180	1.380	-15.882
2586.190	1.380	-15.206
2586.200	1.380	-15.198
2586.210	1.340	-15.118
2586.220	1.340	-14.479
2586.230	1.340	-14.406
2586.240	1.250	-14.113
2586.250	1.250	-13.893
2586.260	1.250	-13.454
2586.270	1.140	-13.307
2586.280	1.140	-12.721
2586.290	1.140	-12.664
2586.300	1.000	-11.785
2586.310	1.000	-11.060
2586.320	1.000	-10.840
2586.330	0.800	-10.034
2586.340	0.800	-9.229
2586.350	0.800	-8.423
2586.360	0.510	-7.983
2586.370	0.510	-6.885
2586.380	0.510	-6.022
2586.390	0.270	-4.777
2586.400	0.270	-4.036
2586.410	0.270	-3.011
2586.420	-0.070	-1.872
2586.430	-0.070	-0.774
2586.440	-0.070	0.178
2586.450	-0.340	1.277
2586.460	-0.340	2.441
2586.470	-0.340	3.466
2586.480	-0.570	4.228
2586.490	-0.570	4.887
2586.500	-0.570	5.978
2586.510	-0.730	6.710
2586.520	-0.730	7.679
2586.530	-0.730	8.119
2586.540	-0.940	8.871
2586.550	-0.940	9.661
2586.560	-0.940	10.401
2586.570	-1.150	10.594
2586.580	-1.150	11.606
2586.590	-1.150	12.485
2586.600	-1.270	12.485
2586.610	-1.270	13.405
2586.620	-1.270	13.568
2586.630	-1.370	13.947
2586.640	-1.370	14.293
2586.650	-1.370	14.529
2586.660	-1.440	14.676
2586.670	-1.440	15.362
2586.680	-1.440	15.288
2586.690	-1.480	15.215
2586.700	-1.480	15.801
2586.710	-1.480	15.687
2586.720	-1.510	15.760
2586.730	-1.510	16.260
2586.740	-1.510	16.406
2586.750	-1.540	16.260
2586.760	-1.540	16.553
2586.770	-1.540	16.626
2586.780	-1.540	16.699
2586.790	-1.540	16.846
2586.800	-1.540	16.699
2586.810	-1.520	16.626
2586.820	-1.520	16.626
2586.830	-1.520	16.406
2586.840	-1.510	16.406
2586.850	-1.510	16.553
2586.860	-1.510	16.260
2586.870	-1.520	16.406
2586.880	-1.520	16.479
2586.890	-1.520	16.333
2586.900	-1.560	16.626
2586.910	-1.560	16.626
2586.920	-1.560	16.406
2586.930	-1.540	16.626
2586.940	-1.540	16.553
2586.950	-1.540	16.260
2586.960	-1.430	16.333
2586.970	-1.430	15.894
2586.980	-1.430	15.348
2586.990	-1.310	15.282
2587.000	-1.310	14.549
2587.010	-1.310	14.256
2587.020	-1.190	13.890
2587.030	-1.190	13.605
2587.040	-1.190	12.946
2587.050	-1.110	12.833
2587.060	-1.110	12.027
2587.070	-1.110	11.808
2587.080	-1.030	11.620
2587.090	-1.030	11.524
2587.100	-1.030	11.231
2587.110	-0.940	10.505
2587.120	-0.940	10.579
2587.130	-0.940	9.692
2587.140	-0.800	9.252
2587.150	-0.800	8.853
2587.160	-0.800	8.560
2587.170	-0.550	7.581
2587.180	-0.550	6.849
2587.190	-0.550	5.693
2587.200	-0.290	4.887
2587.210	-0.290	4.221
2587.220	-0.290	3.196
2587.230	-0.040	2.404
2587.240	-0.040	1.671
2587.250	-0.040	0.646
2587.260	0.170	-0.306
2587.270	0.170	-1.224
2587.280	0.170	-2.029
2587.290	0.400	-2.708
2587.300	0.400	-3.734
2587.310	0.400	-4.540
2587.320	0.630	-5.272
2587.330	0.630	-6.359
2587.340	0.630	-7.238
2587.350	0.860	-8.211
2587.360	0.860	-8.723
2587.370	0.860	-9.464
2587.380	1.080	-10.050
2587.390	1.080	-11.128
2587.400	1.080	-11.641
2587.410	1.280	-12.367
2587.420	1.280	-13.319
2587.430	1.280	-13.710
2587.440	1.450	-14.369
2587.450	1.450	-15.138
2587.460	1.450	-16.164
2587.470	1.640	-16.770
2587.480	1.640	-17.429
2587.490	1.640	-17.795
2587.500	1.770	-18.161
2587.510	1.770	-18.990
2587.520	1.770	-19.356
2587.530	1.840	-19.676
2587.540	1.840	-20.188
2587.550	1.840	-20.204
2587.560	1.910	-20.497
2587.570	1.910	-20.616
2587.580	1.910	-21.055
2587.590	1.980	-21.075
2587.600	1.980	-21.588
2587.610	1.980	-21.279
2587.620	2.030	-21.498
2587.630	2.030	-22.009
2587.640	2.030	-22.009
2587.650	2.010	-21.956
2587.660	2.010	-21.663
2587.670	2.010	-21.598
2587.680	1.890	-21.085
2587.690	1.890	-21.203
2587.700	1.890	-20.471
2587.710	1.700	-20.018
2587.720	1.700	-19.505
2587.730	1.700	-18.382
2587.740	1.520	-17.943
2587.750	1.520	-17.557
2587.760	1.520	-16.824
2587.770	1.400	-16.312
2587.780	1.400	-15.799
2587.790	1.400	-15.148
2587.800	1.290	-14.782
2587.810	1.290	-14.429
2587.820	1.290	-14.062
2587.830	1.160	-12.964
2587.840	1.160	-12.573
2587.850	1.160	-12.573
2587.860	1.010	-12.127
2587.870	1.010	-11.614
2587.880	1.010	-10.955
2587.890	0.790	-10.003
2587.900	0.790	-9.344
2587.910	0.790	-8.685
2587.920	0.530	-7.659
2587.930	0.530	-6.927
2587.940	0.530	-6.195
2587.950	0.300	-5.120
2587.960	0.300	-4.403
2587.970	0.300	-3.451
2587.980	0.090	-2.798
2587.990	0.090	-2.139
2588.000	0.090	-1.406
2588.010	-0.100	-0.527
2588.020	-0.100	0.327
2588.030	-0.100	1.279
2588.040	-0.350	2.098
2588.050	-0.350	2.757
2588.060	-0.350	3.791
2588.070	-0.630	4.963
2588.080	-0.630	5.954
2588.090	-0.630	6.979
2588.100	-0.940	7.898
2588.110	-0.940	9.070
2588.120	-0.940	10.193
2588.130	-1.210	10.779
2588.140	-1.210	12.011
2588.150	-1.210	13.370
2588.160	-1.470	13.816
2588.170	-1.470	14.622
2588.180	-1.470	15.395
2588.190	-1.630	16.201
2588.200	-1.630	16.966
2588.210	-1.630	17.040
2588.220	-1.720	17.625
2588.230	-1.720	18.211
2588.240	-1.720	18.358
2588.250	-1.770	18.537
2588.260	-1.770	18.604
2588.270	-1.770	18.823
2588.280	-1.780	19.043
2588.290	-1.780	19.116
2588.300	-1.780	19.336
2588.310	-1.820	19.849
2588.320	-1.820	19.702
2588.330	-1.820	19.629
2588.340	-1.850	19.849
2588.350	-1.850	19.629
2588.360	-1.850	20.215
2588.370	-1.840	20.142
2588.380	-1.840	19.702
2588.390	-1.840	19.482
2588.400	-1.760	19.189
2588.410	-1.760	18.970
2588.420	-1.760	18.530
2588.430	-1.620	18.237
2588.440	-1.620	17.798
2588.450	-1.620	17.358
2588.460	-1.450	16.699
2588.470	-1.450	16.187
2588.480	-1.450	15.894
2588.490	-1.310	15.601
2588.500	-1.310	15.015
2588.510	-1.310	14.648
2588.520	-1.270	14.575
2588.530	-1.270	14.062
2588.540	-1.270	13.843
2588.550	-1.250	13.696
2588.560	-1.250	13.696
2588.570	-1.250	13.184
2588.580	-1.210	13.257
2588.590	-1.210	12.744
2588.600	-1.210	12.744
2588.610	-1.100	12.085
2588.620	-1.100	11.792
2588.630	-1.100	11.719
2588.640	-0.960	11.060
2588.650	-0.960	10.620
2588.660	-0.960	9.741
2588.670	-0.720	9.082
2588.680	-0.720	8.130
2588.690	-0.720	7.617
2588.700	-0.420	6.665
2588.710	-0.420	6.079
2588.720	-0.420	4.907
2588.730	-0.170	4.028
2588.740	-0.170	3.149
2588.750	-0.170	2.271
2588.760	-0.010	1.538
2588.770	-0.010	0.806
2588.780	-0.010	-1.066
2588.790	0.190	-1.066
2588.800	0.190	-1.799
2588.810	0.190	-3.556
2588.820	0.480	-3.556
2588.830	0.480	-4.362
2588.840	0.480	-6.266
2588.850	0.710	-6.266
2588.860	0.710	-6.852
2588.870	0.710	-8.317
2588.880	0.920	-8.317
2588.890	0.920	-9.375
2588.900	0.920	-11.060
2588.910	1.160	-11.060
2588.920	1.160	-11.938
2588.930	1.160	-13.184
2588.940	1.360	-13.184
2588.950	1.360	-14.136
2588.960	1.360	-15.894
2588.970	1.590	-15.894
2588.980	1.590	-16.553
2588.990	1.590	-18.091
2589.000	1.770	-18.091
2589.010	1.770	-18.677
2589.020	1.770	-19.922
2589.030	1.900	-19.922
2589.040	1.900	-20.435
2589.050	1.900	-20.874
2589.060	1.940	-20.874
2589.070	1.940	-20.581
2589.080	1.940	-20.915
2589.090	1.900	-20.915
2589.100	1.900	-20.915
2589.110	1.900	-20.549
2589.120	1.840	-20.549
2589.130	1.840	-20.622
2589.140	1.840	-20.330
2589.150	1.810	-20.330
2589.160	1.810	-19.963
2589.170	1.810	-20.369
2589.180	1.790	-20.369
2589.190	1.790	-19.702
2589.200	1.790	-19.116
2589.210	1.740	-19.116
2589.220	1.740	-18.970
2589.230	1.740	-18.311
2589.240	1.610	-18.311
2589.250	1.610	-17.871
2589.260	1.610	-16.992
2589.270	1.480	-16.479
2589.280	1.480	-16.260
2589.290	1.480	-15.747
2589.300	1.360	-15.747
2589.310	1.360	-15.234
2589.320	1.360	-14.429
2589.330	1.210	-14.429
2589.340	1.210	-13.989
2589.350	1.210	-13.550
2589.360	1.090	-12.651
2589.370	1.090	-12.797
2589.380	1.090	-12.138
2589.390	1.000	-11.626
2589.400	1.000	-11.373
2589.410	1.000	-10.787
2589.420	0.830	-10.414
2589.430	0.830	-9.536
2589.440	0.830	-8.950
2589.450	0.570	-7.924
2589.460	0.570	-7.139
2589.470	0.570	-5.893
2589.480	0.180	-5.015
2589.490	0.180	-3.973
2589.500	0.180	-2.687
2589.510	-0.110	-1.755
2589.520	-0.110	-0.663
2589.530	-0.110	0.363
2589.540	-0.290	1.461
2589.550	-0.290	2.267
2589.560	-0.290	2.926
2589.570	-0.480	3.805
2589.580	-0.480	4.781
2589.590	-0.480	5.278
2589.600	-0.720	6.263
2589.610	-0.720	7.089
2589.620	-0.720	7.968
2589.630	-0.970	8.627
2589.640	-0.970	9.522
2589.650	-0.970	10.181
2589.660	-1.160	11.067
2589.670	-1.160	11.433
2589.680	-1.160	12.068
2589.690	-1.280	13.020
2589.700	-1.280	13.190
2589.710	-1.280	14.069
2589.720	-1.420	14.495
2589.730	-1.420	14.862
2589.740	-1.420	15.138
2589.750	-1.550	15.578
2589.760	-1.550	16.214
2589.770	-1.550	16.873
2589.780	-1.660	16.793
2589.790	-1.660	17.233
2589.800	-1.660	17.762
2589.810	-1.720	17.615
2589.820	-1.720	18.133
2589.830	-1.720	18.572
2589.840	-1.720	18.599
2589.850	-1.720	18.746
2589.860	-1.720	18.689
2589.870	-1.750	18.908
2589.880	-1.750	19.167
2589.890	-1.750	19.167
2589.900	-1.780	19.067
2589.910	-1.780	19.287
2589.920	-1.780	19.149
2589.930	-1.770	18.856
2589.940	-1.770	19.122
2589.950	-1.770	19.122
2589.960	-1.730	18.942
2589.970	-1.730	18.723
2589.980	-1.730	18.560
2589.990	-1.680	18.307
2590.000	-1.680	18.260
2590.010	-1.680	17.601
2590.020	-1.540	17.308
2590.030	-1.540	17.560
2590.040	-1.540	16.462
2590.050	-1.370	16.096
2590.060	-1.370	15.470
2590.070	-1.370	14.884
2590.080	-1.230	14.281
2590.090	-1.230	13.949
2590.100	-1.230	13.509
2590.110	-1.150	13.216
2590.120	-1.150	12.671
2590.130	-1.150	12.126
2590.140	-1.050	11.893
2590.150	-1.050	11.526
2590.160	-1.050	11.014
2590.170	-0.940	10.647
2590.180	-0.940	10.574
2590.190	-0.940	9.842
2590.200	-0.770	9.329
2590.210	-0.770	9.036
2590.220	-0.770	8.263
2590.230	-0.610	7.384
2590.240	-0.610	6.885
2590.250	-0.610	6.079
2590.260	-0.400	5.786
2590.270	-0.400	5.127
2590.280	-0.400	4.248
2590.290	-0.180	3.516
2590.300	-0.180	2.637
2590.310	-0.180	0.765
2590.320	0.060	0.765
2590.330	0.060	0.132
2590.340	0.060	-1.528
2590.350	0.320	-1.528
2590.360	0.320	-2.773
2590.370	0.320	-4.750
2590.380	0.610	-5.922
2590.390	0.610	-5.922
2590.400	0.610	-6.655
2590.410	0.900	-7.513
2590.420	0.900	-8.245
2590.430	0.900	-9.517
2590.440	1.130	-10.347
2590.450	1.130	-11.373
2590.460	1.130	-12.528
2590.470	1.370	-13.327
2590.480	1.370	-14.133
2590.490	1.370	-14.792
2590.500	1.630	-15.964
2590.510	1.630	-17.059
2590.520	1.630	-17.938
2590.530	1.820	-18.530
2590.540	1.820	-19.189
2590.550	1.820	-19.849
2590.560	1.890	-19.645
2590.570	1.890	-20.474
2590.580	1.890	-20.840
2590.590	1.950	-21.073
2590.600	1.950	-21.146
2590.610	1.950	-20.984
2590.620	2.000	-21.276
2590.630	2.000	-21.587
2590.640	2.000	-22.027
2590.650	2.030	-21.827
2590.660	2.030	-22.340
2590.670	2.030	-22.177
2590.680	2.030	-22.397
2590.690	2.030	-22.611
2590.700	2.030	-22.831
2590.710	2.040	-22.565
2590.720	2.040	-22.638
2590.730	2.040	-21.954
2590.740	2.020	-21.734
2590.750	2.020	-21.934
2590.760	2.020	-21.568
2590.770	1.890	-21.368
2590.780	1.890	-20.782
2590.790	1.890	-20.261
2590.800	1.760	-19.602
2590.810	1.760	-19.543
2590.820	1.760	-18.811
2590.830	1.530	-18.251
2590.840	1.530	-17.446
2590.850	1.530	-16.420
2590.860	1.250	-15.834
2590.870	1.250	-14.813
2590.880	1.250	-14.154
2590.890	1.040	-13.129
2590.900	1.040	-12.177
2590.910	1.040	-11.037
2590.920	0.670	-9.939
2590.930	0.670	-9.066
2590.940	0.670	-7.894
2590.950	0.370	-6.922
2590.960	0.370	-5.677
2590.970	0.370	-4.847
2590.980	0.220	-3.821
2590.990	0.220	-3.016
2591.000	0.220	-2.137
2591.010	-0.030	-1.111
2591.020	-0.030	-0.273
2591.030	-0.030	0.565
2591.040	-0.370	1.651
2591.050	-0.370	2.509
2591.060	-0.370	3.535
2591.070	-0.670	4.780
2591.080	-0.670	5.748
2591.090	-0.670	7.067
2591.100	-0.940	7.986
2591.110	-0.940	9.084
2591.120	-0.940	11.387
2591.130	-1.230	11.387
2591.140	-1.230	12.206
2591.150	-1.230	14.184
2591.160	-1.540	14.184
2591.170	-1.540	14.770
2591.180	-1.540	16.658
2591.190	-1.690	16.658
2591.200	-1.690	17.570
2591.210	-1.690	18.677
2591.220	-1.850	18.677
2591.230	-1.850	19.263
2591.240	-1.850	20.142
2591.250	-1.980	20.142
2591.260	-1.980	20.435
2591.270	-1.980	21.240
2591.280	-2.040	21.240
2591.290	-2.040	21.533
2591.300	-2.040	21.826
2591.310	-2.040	21.826
2591.320	-2.040	22.266
2591.330	-2.040	22.146
2591.340	-2.010	22.146
2591.350	-2.010	22.081
2591.360	-2.010	21.714
2591.370	-2.000	21.714
2591.380	-2.000	21.508
2591.390	-2.000	21.069
2591.400	-1.950	21.215
2591.410	-1.950	20.922
2591.420	-1.950	20.702
2591.430	-1.840	20.409
2591.440	-1.840	19.943
2591.450	-1.840	19.642
2591.460	-1.710	19.276
2591.470	-1.710	18.910
2591.480	-1.710	18.457
2591.490	-1.530	18.164
2591.500	-1.530	17.114
2591.510	-1.530	16.748
2591.520	-1.350	16.102
2591.530	-1.350	15.150
2591.540	-1.350	15.150
2591.550	-1.220	14.271
2591.560	-1.220	13.824
2591.570	-1.220	13.238
2591.580	-1.120	12.758
2591.590	-1.120	12.172
2591.600	-1.120	11.830
2591.610	-0.960	11.098
2591.620	-0.960	10.417
2591.630	-0.960	9.831
2591.640	-0.670	8.833
2591.650	-0.670	8.174
2591.660	-0.670	7.083
2591.670	-0.350	6.351
2591.680	-0.350	5.219
2591.690	-0.350	4.193
2591.700	-0.050	3.048
2591.710	-0.050	1.803
2591.720	-0.050	0.566
2591.730	0.210	-0.386
2591.740	0.210	-1.365
2591.750	0.210	-3.790
2591.760	0.530	-3.790
2591.770	0.530	-4.669
2591.780	0.530	-6.052
2591.790	0.760	-6.858
2591.800	0.760	-7.764
2591.810	0.760	-9.586
2591.820	1.010	-9.586
2591.830	1.010	-10.318
2591.840	1.010	-12.581
2591.850	1.310	-12.581
2591.860	1.310	-13.167
2591.870	1.310	-14.933
2591.880	1.600	-14.933
2591.890	1.600	-16.178
2591.900	1.600	-18.335
2591.910	1.880	-18.335
2591.920	1.880	-19.043
2591.930	1.880	-20.801
2591.940	2.020	-20.801
2591.950	2.020	-21.167
2591.960	2.020	-22.559
2591.970	2.160	-22.559
2591.980	2.160	-22.998
2591.990	2.160	-23.218
2592.000	2.160	-23.218
2592.010	2.160	-23.511
2592.020	2.160	-23.657
2592.030	2.170	-23.657
2592.040	2.170	-23.730
2592.050	2.170	-23.877
2592.060	2.190	-23.877
2592.070	2.190	-23.804
2592.080	2.190	-23.657
2592.090	2.130	-23.657
2592.100	2.130	-23.657
2592.110	2.130	-23.291
2592.120	2.080	-23.291
2592.130	2.080	-23.145
2592.140	2.080	-22.705
2592.150	2.110	-22.705
2592.160	2.110	-22.632
2592.170	2.110	-21.973
2592.180	1.980	-21.973
2592.190	1.980	-21.753
2592.200	1.980	-21.167
2592.210	1.800	-21.167
2592.220	1.800	-20.508
2592.230	1.800	-19.189
2592.240	1.650	-19.189
2592.250	1.650	-18.677
2592.260	1.650	-17.285
2592.270	1.370	-17.285
2592.280	1.370	-16.187
2592.290	1.370	-14.355
2592.300	1.120	-14.355
2592.310	1.120	-13.403
2592.320	1.120	-11.206
2592.330	0.820	-11.206
2592.340	0.820	-9.888
2592.350	0.820	-8.862
2592.360	0.480	-7.950
2592.370	0.480	-6.632
2592.380	0.480	-5.753
2592.390	0.200	-4.508
2592.400	0.200	-3.482
2592.410	0.200	-1.969
2592.420	-0.120	-0.837
2592.430	-0.120	0.042
2592.440	-0.120	0.921
2592.450	-0.500	2.239
2592.460	-0.500	3.712
2592.470	-0.500	4.884
2592.480	-0.770	6.089
2592.490	-0.770	7.114
2592.500	-0.770	8.432
2592.510	-1.070	9.336
2592.520	-1.070	10.320
2592.530	-1.070	11.638
2592.540	-1.310	12.657
2592.550	-1.310	13.243
2592.560	-1.310	14.008
2592.570	-1.510	14.887
2592.580	-1.510	15.626
2592.590	-1.510	16.652
2592.600	-1.720	16.985
2592.610	-1.720	17.864
2592.620	-1.720	18.458
2592.630	-1.910	19.117
2592.640	-1.910	19.710
2592.650	-1.910	20.515
2592.660	-2.030	20.881
2592.670	-2.030	21.248
2592.680	-2.030	21.720
2592.690	-2.110	22.086
2592.700	-2.110	22.559
2592.710	-2.110	22.559
2592.720	-2.180	23.145
2592.730	-2.180	23.145
2592.740	-2.180	23.364
2592.750	-2.220	23.584
2592.760	-2.220	23.657
2592.770	-2.220	23.804
2592.780	-2.190	23.730
2592.790	-2.190	23.511
2592.800	-2.190	23.437
2592.810	-2.070	23.291
2592.820	-2.070	22.778
2592.830	-2.070	22.046
2592.840	-1.930	21.973
2592.850	-1.930	21.313
2592.860	-1.930	21.094
2592.870	-1.840	20.728
2592.880	-1.840	20.215
2592.890	-1.840	19.922
2592.900	-1.740	19.409
2592.910	-1.740	19.116
2592.920	-1.740	18.604
2592.930	-1.580	18.237
2592.940	-1.580	17.578
2592.950	-1.580	17.065
2592.960	-1.370	16.406
2592.970	-1.370	15.820
2592.980	-1.370	15.169
2592.990	-1.310	15.169
2593.000	-1.310	14.510
2593.010	-1.310	13.924
2593.020	-1.260	13.924
2593.030	-1.260	13.738
2593.040	-1.260	13.347
2593.050	-1.160	13.347
2593.060	-1.160	12.834
2593.070	-1.160	11.728
2593.080	-1.010	11.728
2593.090	-1.010	11.142
2593.100	-1.010	9.970
2593.110	-0.800	9.970
2593.120	-0.800	9.311
2593.130	-0.800	7.883
2593.140	-0.550	7.883
2593.150	-0.550	6.784
2593.160	-0.550	4.880
2593.170	-0.280	4.880
2593.180	-0.280	4.147
2593.190	-0.280	2.023
2593.200	0.030	2.023
2593.210	0.030	0.998
2593.220	0.030	-1.432
2593.230	0.330	-1.432
2593.240	0.330	-2.490
2593.250	0.330	-4.687
2593.260	0.630	-5.493
2593.270	0.630	-5.493
2593.280	0.630	-7.471
2593.290	0.830	-7.471
2593.300	0.830	-8.496
2593.310	0.830	-9.814
2593.320	0.990	-9.814
2593.330	0.990	-10.693
2593.340	0.990	-11.792
2593.350	1.210	-11.792
2593.360	1.210	-12.598
2593.370	1.210	-14.062
2593.380	1.460	-14.062
2593.390	1.460	-14.941
2593.400	1.460	-16.040
2593.410	1.560	-16.040
2593.420	1.560	-16.699
2593.430	1.560	-18.384
2593.440	1.770	-18.384
2593.450	1.770	-18.970
2593.460	1.770	-20.654
2593.470	2.050	-20.654
2593.480	2.050	-21.240
2593.490	2.050	-22.559
2593.500	2.170	-22.559
2593.510	2.170	-22.925
2593.520	2.170	-23.145
2593.530	2.140	-23.145
2593.540	2.140	-23.218
2593.550	2.140	-23.145
2593.560	2.060	-23.145
2593.570	2.060	-22.852
2593.580	2.060	-22.412
2593.590	2.000	-22.412
2593.600	2.000	-22.339
2593.610	2.000	-21.680
2593.620	1.950	-21.680
2593.630	1.950	-21.680
2593.640	1.950	-21.194
2593.650	1.920	-21.340
2593.660	1.920	-20.827
2593.670	1.920	-21.047
2593.680	1.920	-20.608
2593.690	1.920	-21.072
2593.700	1.920	-20.632
2593.710	1.920	-20.799
2593.720	1.920	-20.725
2593.730	1.920	-20.579
2593.740	1.860	-20.772
2593.750	1.860	-20.210
2593.760	1.860	-19.991
2593.770	1.670	-19.451
2593.780	1.670	-19.158
2593.790	1.670	-18.182
2593.800	1.480	-17.816
2593.810	1.480	-17.120
2593.820	1.480	-16.241
2593.830	1.250	-15.262
2593.840	1.250	-14.091
2593.850	1.250	-12.894
2593.860	0.820	-11.576
2593.870	0.820	-10.211
2593.880	0.820	-7.745
2593.890	0.360	-7.745
2593.900	0.360	-6.280
2593.910	0.360	-4.912
2593.920	0.050	-3.447
2593.930	0.050	-2.082
2593.940	0.050	-0.837
2593.950	-0.270	0.115
2593.960	-0.270	0.970
2593.970	-0.270	2.215
2593.980	-0.500	3.240
2593.990	-0.500	4.290
2594.000	-0.500	5.462
2594.010	-0.750	6.201
2594.020	-0.750	7.454
2594.030	-0.750	8.260
2594.040	-1.050	9.365
2594.050	-1.050	10.171
2594.060	-1.050	11.294
2594.070	-1.300	12.173
2594.080	-1.300	12.832
2594.090	-1.300	14.061
2594.100	-1.520	14.760
2594.110	-1.520	15.932
2594.120	-1.520	16.363
2594.130	-1.740	16.949
2594.140	-1.740	17.992
2594.150	-1.740	18.578
2594.160	-1.870	19.098
2594.170	-1.870	19.244
2594.180	-1.870	20.123
2594.190	-1.950	20.286
2594.200	-1.950	20.848
2594.210	-1.950	21.141
2594.220	-2.010	21.094
2594.230	-2.010	21.607
2594.240	-2.010	21.217
2594.250	-2.020	21.656
2594.260	-2.020	21.560
2594.270	-2.020	21.999
2594.280	-1.980	21.660
2594.290	-1.980	21.660
2594.300	-1.980	21.277
2594.310	-1.950	21.204
2594.320	-1.950	21.251
2594.330	-1.950	21.015
2594.340	-1.870	20.762
2594.350	-1.870	20.102
2594.360	-1.870	20.045
2594.370	-1.740	19.606
2594.380	-1.740	19.384
2594.390	-1.740	19.091
2594.400	-1.650	18.778
2594.410	-1.650	18.485
2594.420	-1.650	18.339
2594.430	-1.650	17.842
2594.440	-1.650	18.242
2594.450	-1.650	18.388
2594.460	-1.650	17.876
2594.470	-1.650	17.656
2594.480	-1.650	17.705
2594.490	-1.590	17.485
2594.500	-1.590	17.448
2594.510	-1.590	17.082
2594.520	-1.510	16.715
2594.530	-1.510	16.496
2594.540	-1.510	15.690
2594.550	-1.330	14.958
2594.560	-1.330	15.039
2594.570	-1.330	14.307
2594.580	-1.100	13.548
2594.590	-1.100	12.522
2594.600	-1.100	11.481
2594.610	-0.820	10.675
2594.620	-0.820	9.861
2594.630	-0.820	8.909
2594.640	-0.490	7.717
2594.650	-0.490	7.017
2594.660	-0.490	4.739
2594.670	-0.250	4.739
2594.680	-0.250	3.740
2594.690	-0.250	2.348
2594.700	-0.020	2.348
2594.710	-0.020	1.469
2594.720	-0.020	-0.061
2594.730	0.130	-0.061
2594.740	0.130	-0.627
2594.750	0.130	-2.344
2594.760	0.320	-2.344
2594.770	0.320	-3.003
2594.780	0.320	-4.614
2594.790	0.560	-4.614
2594.800	0.560	-5.347
2594.810	0.560	-7.178
2594.820	0.820	-7.178
2594.830	0.820	-8.057
2594.840	0.820	-9.741
2594.850	1.030	-9.741
2594.860	1.030	-10.181
2594.870	1.030	-11.133
2594.880	1.210	-11.865
2594.890	1.210	-12.451
2594.900	1.210	-13.257
2594.910	1.370	-13.683
2594.920	1.370	-14.196
2594.930	1.370	-15.058
2594.940	1.560	-15.678
2594.950	1.560	-15.970
2594.960	1.560	-16.776
2594.970	1.710	-17.289
2594.980	1.710	-17.948
2594.990	1.710	-18.607
2595.000	1.830	-19.047
2595.010	1.830	-19.719
2595.020	1.830	-20.085
2595.030	1.930	-20.468
2595.040	1.930	-20.508
2595.050	1.930	-21.021
2595.060	1.980	-21.094
2595.070	1.980	-21.313
2595.080	1.980	-21.387
2595.090	2.000	-21.460
2595.100	2.000	-21.460
2595.110	2.000	-21.167
2595.120	1.910	-21.533
2595.130	1.910	-21.021
2595.140	1.910	-21.240
2595.150	1.830	-20.654
2595.160	1.830	-20.654
2595.170	1.830	-20.508
2595.180	1.810	-20.435
2595.190	1.810	-20.288
2595.200	1.810	-19.922
2595.210	1.830	-19.995
2595.220	1.830	-19.409
2595.230	1.830	-19.409
2595.240	1.750	-19.336
2595.250	1.750	-19.043
2595.260	1.750	-18.750
2595.270	1.610	-18.457
2595.280	1.610	-17.725
2595.290	1.610	-17.000
2595.300	1.400	-17.000
2595.310	1.400	-15.882
2595.320	1.400	-14.555
2595.330	1.160	-14.555
2595.340	1.160	-13.570
2595.350	1.160	-12.056
2595.360	0.910	-12.056
2595.370	0.910	-11.031
2595.380	0.910	-9.045
2595.390	0.600	-9.045
2595.400	0.600	-7.580
2595.410	0.600	-5.411
2595.420	0.220	-5.411
2595.430	0.220	-4.312
2595.440	0.220	-1.392
2595.450	-0.180	-1.392
2595.460	-0.180	-0.000
2595.470	-0.180	2.783
2595.480	-0.540	2.783
2595.490	-0.540	4.281
2595.500	-0.540	7.203
2595.510	-0.960	7.203
2595.520	-0.960	8.741
2595.530	-0.960	9.986
2595.540	-1.290	11.225
2595.550	-1.290	12.543
2595.560	-1.290	13.495
2595.570	-1.570	14.520
2595.580	-1.570	15.692
2595.590	-1.570	16.676
2595.600	-1.780	17.357
2595.610	-1.780	18.089
2595.620	-1.780	18.602
2595.630	-1.920	19.408
2595.640	-1.920	19.992
2595.650	-1.920	20.432
2595.660	-2.000	20.472
2595.670	-2.000	21.277
2595.680	-2.000	21.424
2595.690	-2.080	21.871
2595.700	-2.080	22.004
2595.710	-2.080	22.737
2595.720	-2.190	23.030
2595.730	-2.190	23.176
2595.740	-2.190	23.111
2595.750	-2.190	23.404
2595.760	-2.190	23.730
2595.770	-2.190	23.804
2595.780	-2.170	23.657
2595.790	-2.170	23.437
2595.800	-2.170	23.291
2595.810	-2.100	22.925
2595.820	-2.100	22.412
2595.830	-2.100	22.119
2595.840	-1.920	22.119
2595.850	-1.920	21.094
2595.860	-1.920	20.581
2595.870	-1.670	19.775
2595.880	-1.670	19.116
2595.890	-1.670	18.237
2595.900	-1.440	17.725
2595.910	-1.440	16.553
2595.920	-1.440	16.187
2595.930	-1.300	15.454
2595.940	-1.300	14.429
2595.950	-1.300	14.062
2595.960	-1.180	13.696
2595.970	-1.180	13.110
2595.980	-1.180	12.598
2595.990	-1.010	12.012
2596.000	-1.010	11.499
2596.010	-1.010	10.986
2596.020	-0.840	10.181
2596.030	-0.840	9.448
2596.040	-0.840	8.862
2596.050	-0.570	7.910
2596.060	-0.570	6.812
2596.070	-0.570	5.859
2596.080	-0.260	4.907
2596.090	-0.260	4.028
2596.100	-0.260	2.930
2596.110	-0.010	2.124
2596.120	-0.010	1.245
2596.130	-0.010	0.366
2596.140	0.210	-0.513
2596.150	0.210	-1.318
2596.160	0.210	-1.978
2596.170	0.370	-2.637
2596.180	0.370	-3.296
2596.190	0.370	-4.248
2596.200	0.580	-4.834
2596.210	0.580	-5.566
2596.220	0.580	-6.445
2596.230	0.780	-7.251
2596.240	0.780	-8.130
2596.250	0.780	-8.496
2596.260	0.990	-9.375
2596.270	0.990	-10.107
2596.280	0.990	-11.515
2596.290	1.170	-11.515
2596.300	1.170	-12.321
2596.310	1.170	-13.566
2596.320	1.370	-13.566
2596.330	1.370	-14.079
2596.340	1.370	-15.470
2596.350	1.510	-15.470
2596.360	1.510	-16.130
2596.370	1.510	-17.082
2596.380	1.660	-17.082
2596.390	1.660	-17.505
2596.400	1.660	-18.750
2596.410	1.810	-18.750
2596.420	1.810	-19.263
2596.430	1.810	-20.288
2596.440	1.950	-20.288
2596.450	1.950	-20.874
2596.460	1.950	-21.460
2596.470	2.010	-21.460
2596.480	2.010	-21.533
2596.490	2.010	-21.606
2596.500	2.020	-21.606
2596.510	2.020	-21.533
2596.520	2.020	-21.460
2596.530	1.910	-21.460
2596.540	1.910	-21.606
2596.550	1.910	-21.237
2596.560	1.830	-21.237
2596.570	1.830	-20.724
2596.580	1.830	-20.671
2596.590	1.860	-20.231
2596.600	1.860	-20.451
2596.610	1.860	-20.451
2596.620	1.830	-20.058
2596.630	1.830	-19.838
2596.640	1.830	-19.252
2596.650	1.740	-19.419
2596.660	1.740	-19.175
2596.670	1.740	-18.808
2596.680	1.580	-18.342
2596.690	1.580	-18.196
2596.700	1.580	-17.170
2596.710	1.390	-16.511
2596.720	1.390	-16.408
2596.730	1.390	-15.675
2596.740	1.240	-15.329
2596.750	1.240	-14.597
2596.760	1.240	-13.872
2596.770	1.100	-13.286
2596.780	1.100	-12.707
2596.790	1.100	-11.462
2596.800	0.920	-11.462
2596.810	0.920	-11.055
2596.820	0.920	-10.013
2596.830	0.690	-9.241
2596.840	0.690	-8.342
2596.850	0.690	-7.683
2596.860	0.440	-6.658
2596.870	0.440	-5.998
2596.880	0.440	-5.046
2596.890	0.150	-3.961
2596.900	0.150	-2.936
2596.910	0.150	-1.511
2596.920	-0.220	-0.559
2596.930	-0.220	0.280
2596.940	-0.220	1.297
2596.950	-0.440	2.615
2596.960	-0.440	3.787
2596.970	-0.440	5.911
2596.980	-0.720	5.911
2596.990	-0.720	6.730
2597.000	-0.720	8.781
2597.010	-1.010	8.781
2597.020	-1.010	9.733
2597.030	-1.010	11.646
2597.040	-1.240	11.646
2597.050	-1.240	12.378
2597.060	-1.240	14.355
2597.070	-1.480	14.355
2597.080	-1.480	14.941
2597.090	-1.480	16.553
2597.100	-1.700	16.553
2597.110	-1.700	17.285
2597.120	-1.700	18.311
2597.130	-1.830	18.311
2597.140	-1.830	19.043
2597.150	-1.830	19.648
2597.160	-1.880	19.648
2597.170	-1.880	19.681
2597.180	-1.880	20.512
2597.190	-1.940	20.512
2597.200	-1.940	20.731
2597.210	-1.940	20.951
2597.220	-1.950	20.951
2597.230	-1.950	21.317
2597.240	-1.950	21.843
2597.250	-1.990	21.843
2597.260	-1.990	21.298
2597.270	-1.990	21.167
2597.280	-1.960	21.167
2597.290	-1.960	21.240
2597.300	-1.960	20.581
2597.310	-1.860	20.581
2597.320	-1.860	20.361
2597.330	-1.860	19.922
2597.340	-1.750	19.922
2597.350	-1.750	19.482
2597.360	-1.750	18.677
2597.370	-1.670	18.677
2597.380	-1.670	18.370
2597.390	-1.670	18.004
2597.400	-1.610	17.711
2597.410	-1.610	17.492
2597.420	-1.610	17.272
2597.430	-1.500	16.979
2597.440	-1.500	16.393
2597.450	-1.500	15.880
2597.460	-1.360	15.807
2597.470	-1.360	15.368
2597.480	-1.360	14.795
2597.490	-1.260	14.502
2597.500	-1.260	13.696
2597.510	-1.260	13.477
2597.520	-1.100	12.524
2597.530	-1.100	12.158
2597.540	-1.100	11.646
2597.550	-0.900	10.913
2597.560	-0.900	10.107
2597.570	-0.900	9.229
2597.580	-0.590	8.496
2597.590	-0.590	7.178
2597.600	-0.590	6.299
2597.610	-0.250	5.054
2597.620	-0.250	4.321
2597.630	-0.250	3.223
2597.640	0.040	2.051
2597.650	0.040	1.099
2597.660	0.040	-0.146
2597.670	0.280	-1.245
2597.680	0.280	-2.124
2597.690	0.280	-3.076
2597.700	0.500	-4.175
2597.710	0.500	-4.980
2597.720	0.500	-6.299
2597.730	0.890	-7.397
2597.740	0.890	-8.643
2597.750	0.890	-9.595
2597.760	1.220	-10.547
2597.770	1.220	-11.792
2597.780	1.220	-12.524
2597.790	1.390	-13.330
2597.800	1.390	-14.209
2597.810	1.390	-15.015
2597.820	1.520	-15.601
2597.830	1.520	-16.260
2597.840	1.520	-16.699
2597.850	1.710	-17.651
2597.860	1.710	-18.311
2597.870	1.710	-18.970
2597.880	1.980	-19.775
2597.890	1.980	-20.581
2597.900	1.980	-20.874
2597.910	2.120	-21.826
2597.920	2.120	-22.282
2597.930	2.120	-23.014
2597.940	2.180	-23.234
2597.950	2.180	-23.527
2597.960	2.180	-23.674
2597.970	2.220	-23.747
2597.980	2.220	-24.471
2597.990	2.220	-24.471
2598.000	2.270	-24.671
2598.010	2.270	-24.451
2598.020	2.270	-24.801
2598.030	2.310	-24.435
2598.040	2.310	-25.086
2598.050	2.310	-24.573
2598.060	2.180	-23.907
2598.070	2.180	-23.907
2598.080	2.180	-23.256
2598.090	1.970	-22.837
2598.100	1.970	-22.271
2598.110	1.970	-21.905
2598.120	1.730	-20.733
2598.130	1.730	-19.479
2598.140	1.730	-18.967
2598.150	1.600	-18.967
2598.160	1.600	-18.021
2598.170	1.600	-16.889
2598.180	1.420	-16.519
2598.190	1.420	-16.080
2598.200	1.420	-16.080
2598.210	1.250	-15.234
2598.220	1.250	-14.868
2598.230	1.250	-14.209
2598.240	1.080	-13.346
2598.250	1.080	-12.760
2598.260	1.080	-11.882
2598.270	0.890	-11.003
2598.280	0.890	-10.523
2598.290	0.890	-8.196
2598.300	0.580	-8.196
2598.310	0.580	-7.210
2598.320	0.580	-4.867
2598.330	0.170	-4.867
2598.340	0.170	-3.428
2598.350	0.170	-2.256
2598.360	-0.220	-1.011
2598.370	-0.220	0.527
2598.380	-0.220	1.699
2598.390	-0.570	2.871
2598.400	-0.570	4.514
2598.410	-0.570	5.759
2598.420	-0.950	7.151
2598.430	-0.950	8.469
2598.440	-0.950	9.741
2598.450	-1.250	11.133
2598.460	-1.250	12.305
2598.470	-1.250	13.403
2598.480	-1.580	14.648
2598.490	-1.580	16.772
2598.500	-1.580	17.738
2598.510	-1.790	17.738
2598.520	-1.790	18.470
2598.530	-1.790	20.261
2598.540	-1.970	20.261
2598.550	-1.970	20.773
2598.560	-1.970	21.433
2598.570	-2.100	21.666
2598.580	-2.100	22.252
2598.590	-2.100	22.252
2598.600	-2.150	22.618
2598.610	-2.150	22.914
2598.620	-2.150	23.280
2598.630	-2.170	22.821
2598.640	-2.170	23.114
2598.650	-2.170	23.187
2598.660	-2.180	23.187
2598.670	-2.180	23.565
2598.680	-2.180	23.638
2598.690	-2.150	23.718
2598.700	-2.150	23.425
2598.710	-2.150	23.042
2598.720	-2.110	22.969
2598.730	-2.110	23.021
2598.740	-2.110	22.801
2598.750	-2.040	22.329
2598.760	-2.040	22.109
2598.770	-2.040	21.271
2598.780	-1.880	21.271
2598.790	-1.880	20.824
2598.800	-1.880	20.092
2598.810	-1.660	19.846
2598.820	-1.660	19.040
2598.830	-1.660	18.169
2598.840	-1.460	17.583
2598.850	-1.460	17.250
2598.860	-1.460	15.932
2598.870	-1.330	15.932
2598.880	-1.330	15.134
2598.890	-1.330	14.848
2598.900	-1.320	14.482
2598.910	-1.320	14.216
2598.920	-1.320	13.703
2598.930	-1.210	13.556
2598.940	-1.210	12.848
2598.950	-1.210	12.555
2598.960	-0.980	11.903
2598.970	-0.980	11.171
2598.980	-0.980	10.585
2598.990	-0.690	9.626
2599.000	-0.690	8.747
2599.010	-0.690	7.502
2599.020	-0.430	6.476
2599.030	-0.430	5.459
2599.040	-0.430	4.483
2599.050	-0.080	3.178
2599.060	-0.080	2.292
2599.070	-0.080	1.267
2599.080	0.170	0.168
2599.090	0.170	-0.841
2599.100	0.170	-1.940
2599.110	0.450	-2.825
2599.120	0.450	-3.851
2599.130	0.450	-4.958
2599.140	0.770	-5.836
2599.150	0.770	-6.948
2599.160	0.770	-8.980
2599.170	1.030	-8.980
2599.180	1.030	-9.834
2599.190	1.030	-10.803
2599.200	1.180	-11.595
2599.210	1.180	-12.101
2599.220	1.180	-12.834
2599.230	1.390	-13.713
2599.240	1.390	-14.543
2599.250	1.390	-15.129
2599.260	1.590	-15.854
2599.270	1.590	-16.426
2599.280	1.590	-17.330
2599.290	1.750	-17.842
2599.300	1.750	-18.848
2599.310	1.750	-19.508
2599.320	1.940	-20.087
2599.330	1.940	-20.087
2599.340	1.940	-20.795
2599.350	2.060	-21.161
2599.360	2.060	-21.982
2599.370	2.060	-22.422
2599.380	2.150	-22.961
2599.390	2.150	-23.254
2599.400	2.150	-23.433
2599.410	2.300	-24.165
2599.420	2.300	-24.750
2599.430	2.300	-25.263
2599.440	2.360	-25.176
2599.450	2.360	-25.396
2599.460	2.360	-25.054
2599.470	2.280	-24.981
2599.480	2.280	-24.840
2599.490	2.280	-24.620
2599.500	2.050	-23.901
2599.510	2.050	-23.096
2599.520	2.050	-22.298
2599.530	1.830	-21.566
2599.540	1.830	-21.270
2599.550	1.830	-20.757
2599.560	1.620	-19.745
2599.570	1.620	-18.866
2599.580	1.620	-18.028
2599.590	1.420	-17.003
2599.600	1.420	-16.485
2599.610	1.420	-15.899
2599.620	1.160	-14.980
2599.630	1.160	-14.028
2599.640	1.160	-13.092
2599.650	0.950	-11.993
2599.660	0.950	-11.475
2599.670	0.950	-10.963
2599.680	0.710	-9.744
2599.690	0.710	-8.939
2599.700	0.710	-7.685
2599.710	0.410	-6.660
2599.720	0.410	-5.609
2599.730	0.410	-4.804
2599.740	0.040	-3.505
2599.750	0.040	-2.407
2599.760	0.040	-1.153
2599.770	-0.300	0.385
2599.780	-0.300	1.909
2599.790	-0.300	2.934
2599.800	-0.660	4.359
2599.810	-0.660	5.384
2599.820	-0.660	6.931
2599.830	-1.020	8.103
2599.840	-1.020	10.938
2599.850	-1.020	10.938
2599.860	-1.330	12.030
2599.870	-1.330	12.982
2599.880	-1.330	13.902
2599.890	-1.580	15.147
2599.900	-1.580	15.700
2599.910	-1.580	16.945
2599.920	-1.780	17.384
2599.930	-1.780	18.410
2599.940	-1.780	18.743
2599.950	-1.940	19.476
2599.960	-1.940	20.304
2599.970	-1.940	20.817
2599.980	-2.020	21.037
2599.990	-2.020	21.183
2600.000	-2.020	21.842
2600.010	-2.090	21.842
2600.020	-2.090	22.705
2600.030	-2.090	22.778
2600.040	-2.160	22.918
2600.050	-2.160	22.918
2600.060	-2.160	22.975
2600.070	-2.140	23.048
2600.080	-2.140	23.292
2600.090	-2.140	23.146
2600.100	-2.070	23.000
2600.110	-2.070	22.780
2600.120	-2.070	22.210
2600.130	-2.010	21.917
2600.140	-2.010	21.777
2600.150	-2.010	21.558
2600.160	-1.910	21.191
2600.170	-1.910	20.825
2600.180	-1.910	19.995
2600.190	-1.760	20.068
2600.200	-1.760	19.775
2600.210	-1.760	19.482
2600.220	-1.660	18.970
2600.230	-1.660	18.384
2600.240	-1.660	17.798
2600.250	-1.490	17.212
2600.260	-1.490	16.626
2600.270	-1.490	15.894
2600.280	-1.300	15.820
2600.290	-1.300	14.941
2600.300	-1.300	14.209
2600.310	-1.170	13.696
2600.320	-1.170	13.330
2600.330	-1.170	12.630
2600.340	-1.120	12.630
2600.350	-1.120	11.971
2600.360	-1.120	11.092
2600.370	-0.900	10.067
2600.380	-0.900	10.067
2600.390	-0.900	8.675
2600.400	-0.590	8.675
2600.410	-0.590	7.796
2600.420	-0.590	6.551
2600.430	-0.220	5.306
2600.440	-0.220	4.102
2600.450	-0.220	2.930
2600.460	0.130	1.465
2600.470	0.130	0.399
2600.480	0.130	-0.407
2600.490	0.330	-1.386
2600.500	0.330	-2.411
2600.510	0.330	-3.510
2600.520	0.470	-4.169
2600.530	0.470	-4.901
2600.540	0.470	-5.976
2600.550	0.730	-6.475
2600.560	0.730	-7.354
2600.570	0.730	-7.899
2600.580	0.980	-8.998
2600.590	0.980	-9.915
2600.600	0.980	-10.867
2600.610	1.240	-11.520
2600.620	1.240	-12.472
2600.630	1.240	-13.424
2600.640	1.480	-14.034
2600.650	1.480	-15.447
2600.660	1.480	-16.033
2600.670	1.750	-17.212
2600.680	1.750	-17.725
2600.690	1.750	-18.945
2600.700	1.960	-19.538
2600.710	1.960	-20.936
2600.720	1.960	-22.914
2600.730	2.180	-22.914
2600.740	2.180	-23.646
2600.750	2.180	-24.883
2600.760	2.450	-24.883
2600.770	2.450	-25.609
2600.780	2.450	-27.180
2600.790	2.630	-27.180
2600.800	2.630	-27.979
2600.810	2.630	-28.513
2600.820	2.660	-28.513
2600.830	2.660	-28.586
2600.840	2.660	-28.366
2600.850	2.570	-28.366
2600.860	2.570	-28.060
2600.870	2.570	-27.010
2600.880	2.390	-27.010
2600.890	2.390	-26.358
2600.900	2.390	-25.425
2600.910	2.180	-25.425
2600.920	2.180	-24.411
2600.930	2.180	-23.182
2600.940	1.980	-23.182
2600.950	1.980	-22.596
2600.960	1.980	-20.730
2600.970	1.670	-20.730
2600.980	1.670	-19.844
2600.990	1.670	-17.876
2601.000	1.370	-17.876
2601.010	1.370	-16.704
2601.020	1.370	-14.617
2601.030	1.140	-14.617
2601.040	1.140	-13.885
2601.050	1.140	-12.347
2601.060	0.890	-12.347
2601.070	0.890	-11.321
2601.080	0.890	-10.303
2601.090	0.700	-9.482
2601.100	0.700	-8.586
2601.110	0.700	-7.927
2601.120	0.430	-6.735
2601.130	0.430	-5.930
2601.140	0.430	-4.831
2601.150	0.130	-3.879
2601.160	0.130	-2.528
2601.170	0.130	-1.283
2601.180	-0.240	-0.304
2601.190	-0.240	0.608
2601.200	-0.240	1.983
2601.210	-0.630	3.668
2601.220	-0.630	4.966
2601.230	-0.630	6.504
2601.240	-1.050	7.909
2601.250	-1.050	9.228
2601.260	-1.050	10.587
2601.270	-1.340	11.759
2601.280	-1.340	14.572
2601.290	-1.340	14.572
2601.300	-1.630	15.831
2601.310	-1.630	16.636
2601.320	-1.630	17.881
2601.330	-1.950	18.760
2601.340	-1.950	19.846
2601.350	-1.950	20.725
2601.360	-2.190	21.603
2601.370	-2.190	22.189
2601.380	-2.190	22.995
2601.390	-2.270	23.304
2601.400	-2.270	23.804
2601.410	-2.270	24.097
2601.420	-2.290	24.463
2601.430	-2.290	24.316
2601.440	-2.290	25.293
2601.450	-2.310	25.293
2601.460	-2.310	25.366
2601.470	-2.310	25.586
2601.480	-2.380	25.586
2601.490	-2.380	25.732
2601.500	-2.380	25.586
2601.510	-2.290	25.586
2601.520	-2.290	25.146
2601.530	-2.290	24.316
2601.540	-2.170	24.316
2601.550	-2.170	24.023
2601.560	-2.170	23.291
2601.570	-2.080	23.291
2601.580	-2.080	22.925
2601.590	-2.080	21.973
2601.600	-1.930	21.973
2601.610	-1.930	21.167
2601.620	-1.930	19.922
2601.630	-1.700	19.922
2601.640	-1.700	18.896
2601.650	-1.700	16.992
2601.660	-1.350	16.992
2601.670	-1.350	16.113
2601.680	-1.350	14.209
2601.690	-1.110	14.209
2601.700	-1.110	13.110
2601.710	-1.110	11.353
2601.720	-0.900	11.353
2601.730	-0.900	10.400
2601.740	-0.900	9.155
2601.750	-0.700	9.155
2601.760	-0.700	8.643
2601.770	-0.700	7.837
2601.780	-0.580	7.358
2601.790	-0.580	6.593
2601.800	-0.580	6.080
2601.810	-0.380	5.407
2601.820	-0.380	4.602
2601.830	-0.380	3.943
2601.840	-0.040	3.064
2601.850	-0.040	1.688
2601.860	-0.040	0.516
2601.870	0.300	-0.529
2601.880	0.300	-1.807
2601.890	0.300	-3.020
2601.900	0.630	-4.192
2601.910	0.630	-5.546
2601.920	0.630	-6.644
2601.930	0.930	-7.969
2601.940	0.930	-8.702
2601.950	0.930	-9.743
2601.960	1.210	-10.842
2601.970	1.210	-11.856
2601.980	1.210	-12.735
2601.990	1.470	-13.660
2602.000	1.470	-14.392
2602.010	1.470	-15.076
2602.020	1.590	-16.028
2602.030	1.590	-16.664
2602.040	1.590	-17.690
2602.050	1.700	-17.876
2602.060	1.700	-18.462
2602.070	1.700	-18.894
2602.080	1.910	-19.406
2602.090	1.910	-19.799
2602.100	1.910	-20.605
2602.110	2.020	-21.044
2602.120	2.020	-21.264
2602.130	2.020	-21.646
2602.140	2.130	-22.086
2602.150	2.130	-22.705
2602.160	2.130	-23.145
2602.170	2.250	-23.730
2602.180	2.250	-24.552
2602.190	2.250	-24.626
2602.200	2.300	-24.819
2602.210	2.300	-24.599
2602.220	2.300	-24.965
2602.230	2.200	-24.526
2602.240	2.200	-24.721
2602.250	2.200	-24.135
2602.260	2.060	-23.629
2602.270	2.060	-23.043
2602.280	2.060	-21.928
2602.290	1.900	-21.855
2602.300	1.900	-21.296
2602.310	1.900	-21.222
2602.320	1.760	-20.197
2602.330	1.760	-20.091
2602.340	1.760	-19.237
2602.350	1.560	-18.538
2602.360	1.560	-17.872
2602.370	1.560	-17.286
2602.380	1.280	-16.407
2602.390	1.280	-15.260
2602.400	1.280	-14.454
2602.410	0.990	-13.136
2602.420	0.990	-12.476
2602.430	0.990	-11.264
2602.440	0.720	-9.872
2602.450	0.720	-9.147
2602.460	0.720	-6.950
2602.470	0.420	-6.950
2602.480	0.420	-6.071
2602.490	0.420	-4.142
2602.500	0.180	-4.142
2602.510	0.180	-3.190
2602.520	0.180	-0.846
2602.530	-0.150	-0.846
2602.540	-0.150	0.106
2602.550	-0.150	2.417
2602.560	-0.490	2.417
2602.570	-0.490	3.589
2602.580	-0.490	6.152
2602.590	-0.810	6.152
2602.600	-0.810	7.397
2602.610	-0.810	9.741
2602.620	-1.140	9.741
2602.630	-1.140	10.840
2602.640	-1.140	13.184
2602.650	-1.430	13.184
2602.660	-1.430	14.062
2602.670	-1.430	14.988
2602.680	-1.640	15.574
2602.690	-1.640	16.673
2602.700	-1.640	17.332
2602.710	-1.820	18.064
2602.720	-1.820	18.650
2602.730	-1.820	19.163
2602.740	-1.970	19.749
2602.750	-1.970	19.749
2602.760	-1.970	20.188
2602.770	-1.980	20.508
2602.780	-1.980	21.021
2602.790	-1.980	20.874
2602.800	-2.020	21.387
2602.810	-2.020	21.549
2602.820	-2.020	21.916
2602.830	-2.020	21.916
2602.840	-2.020	21.989
2602.850	-2.020	22.355
2602.860	-2.050	22.355
2602.870	-2.050	22.502
2602.880	-2.050	22.502
2602.890	-2.040	22.502
2602.900	-2.040	21.842
2602.910	-2.040	21.021
2602.920	-1.890	21.021
2602.930	-1.890	20.874
2602.940	-1.890	19.556
2602.950	-1.710	19.556
2602.960	-1.710	19.189
2602.970	-1.710	17.871
2602.980	-1.550	17.871
2602.990	-1.550	17.578
2603.000	-1.550	16.626
2603.010	-1.450	16.626
2603.020	-1.450	16.479
2603.030	-1.450	15.308
2603.040	-1.390	15.308
2603.050	-1.390	14.795
2603.060	-1.390	14.355
2603.070	-1.260	14.355
2603.080	-1.260	14.062
2603.090	-1.260	12.671
2603.100	-1.080	12.671
2603.110	-1.080	12.524
2603.120	-1.080	10.767
2603.130	-0.920	10.767
2603.140	-0.920	10.620
2603.150	-0.920	9.229
2603.160	-0.740	9.229
2603.170	-0.740	8.569
2603.180	-0.740	7.104
2603.190	-0.530	7.104
2603.200	-0.530	6.299
2603.210	-0.530	4.541
2603.220	-0.180	4.541
2603.230	-0.180	3.662
2603.240	-0.180	1.318
2603.250	0.140	1.318
2603.260	0.140	0.073
2603.270	0.140	-2.271
2603.280	0.420	-2.271
2603.290	0.420	-3.442
2603.300	0.420	-5.054
2603.310	0.630	-5.054
2603.320	0.630	-6.152
2603.330	0.630	-8.350
2603.340	0.890	-8.350
2603.350	0.890	-8.936
2603.360	0.890	-11.060
2603.370	1.200	-11.060
2603.380	1.200	-11.719
2603.390	1.200	-13.696
2603.400	1.450	-13.696
2603.410	1.450	-14.495
2603.420	1.450	-16.701
2603.430	1.690	-16.701
2603.440	1.690	-17.360
2603.450	1.690	-19.411
2603.460	1.980	-19.411
2603.470	1.980	-19.997
2603.480	1.980	-21.535
2603.490	2.120	-21.535
2603.500	2.120	-21.901
2603.510	2.120	-22.705
2603.520	2.120	-22.705
2603.530	2.120	-23.071
2603.540	2.120	-23.218
2603.550	2.130	-23.291
2603.560	2.130	-23.218
2603.570	2.130	-23.437
2603.580	2.130	-23.437
2603.590	2.130	-23.437
2603.600	2.130	-23.437
2603.610	2.130	-23.437
2603.620	2.130	-23.364
2603.630	2.130	-22.852
2603.640	2.060	-22.852
2603.650	2.060	-22.778
2603.660	2.060	-21.899
2603.670	1.890	-21.899
2603.680	1.890	-21.313
2603.690	1.890	-20.874
2603.700	1.780	-20.468
2603.710	1.780	-19.809
2603.720	1.780	-19.296
2603.730	1.640	-18.783
2603.740	1.640	-18.677
2603.750	1.640	-18.092
2603.760	1.540	-17.799
2603.770	1.540	-17.359
2603.780	1.540	-17.213
2603.790	1.460	-16.553
2603.800	1.460	-16.235
2603.810	1.460	-15.723
2603.820	1.240	-15.370
2603.830	1.240	-14.564
2603.840	1.240	-13.937
2603.850	1.050	-13.205
2603.860	1.050	-13.124
2603.870	1.050	-12.172
2603.880	0.930	-11.226
2603.890	0.930	-10.787
2603.900	0.930	-9.753
2603.910	0.670	-8.947
2603.920	0.670	-7.941
2603.930	0.670	-7.209
2603.940	0.310	-5.964
2603.950	0.310	-4.938
2603.960	0.310	-3.335
2603.970	-0.080	-2.310
2603.980	-0.080	-1.131
2603.990	-0.080	0.334
2604.000	-0.460	1.652
2604.010	-0.460	2.751
2604.020	-0.460	4.208
2604.030	-0.830	5.526
2604.040	-0.830	7.154
2604.050	-0.830	8.179
2604.060	-1.130	9.624
2604.070	-1.130	10.943
2604.080	-1.130	11.895
2604.090	-1.460	13.213
2604.100	-1.460	14.312
2604.110	-1.460	15.939
2604.120	-1.730	16.672
2604.130	-1.730	17.551
2604.140	-1.730	18.120
2604.150	-1.900	18.926
2604.160	-1.900	19.605
2604.170	-1.900	20.191
2604.180	-2.010	21.057
2604.190	-2.010	21.130
2604.200	-2.010	21.716
2604.210	-2.120	21.480
2604.220	-2.120	22.301
2604.230	-2.120	22.521
2604.240	-2.140	22.521
2604.250	-2.140	22.977
2604.260	-2.140	22.977
2604.270	-2.120	22.977
2604.280	-2.120	23.136
2604.290	-2.120	23.356
2604.300	-2.190	23.429
2604.310	-2.190	23.910
2604.320	-2.190	23.787
2604.330	-2.260	23.787
2604.340	-2.260	24.080
2604.350	-2.260	23.918
2604.360	-2.240	24.137
2604.370	-2.240	23.991
2604.380	-2.240	24.268
2604.390	-2.160	23.995
2604.400	-2.160	23.702
2604.410	-2.160	23.075
2604.420	-2.030	22.782
2604.430	-2.030	22.489
2604.440	-2.030	21.830
2604.450	-1.810	21.317
2604.460	-1.810	20.544
2604.470	-1.810	20.251
2604.480	-1.600	19.016
2604.490	-1.600	18.336
2604.500	-1.600	17.124
2604.510	-1.430	17.124
2604.520	-1.430	16.318
2604.530	-1.430	15.146
2604.540	-1.280	15.146
2604.550	-1.280	14.780
2604.560	-1.280	13.136
2604.570	-1.120	13.136
2604.580	-1.120	12.777
2604.590	-1.120	11.206
2604.600	-0.860	11.206
2604.610	-0.860	10.620
2604.620	-0.860	8.789
2604.630	-0.630	8.789
2604.640	-0.630	7.544
2604.650	-0.630	5.493
2604.660	-0.310	5.493
2604.670	-0.310	4.468
2604.680	-0.310	2.151
2604.690	0.040	2.151
2604.700	0.040	1.019
2604.710	0.040	-1.031
2604.720	0.340	-1.031
2604.730	0.340	-2.203
2604.740	0.340	-4.400
2604.750	0.640	-4.400
2604.760	0.640	-5.353
2604.770	0.640	-7.257
2604.780	0.860	-7.257
2604.790	0.860	-8.162
2604.800	0.860	-9.961
2604.810	1.030	-9.961
2604.820	1.030	-10.693
2604.830	1.030	-11.499
2604.840	1.240	-12.012
2604.850	1.240	-12.598
2604.860	1.240	-13.550
2604.870	1.420	-14.069
2604.880	1.420	-14.777
2604.890	1.420	-15.510
2604.900	1.640	-16.122
2604.910	1.640	-17.074
2604.920	1.640	-17.587
2604.930	1.820	-18.319
2604.940	1.820	-19.272
2604.950	1.820	-20.150
2604.960	2.020	-20.317
2604.970	2.020	-21.409
2604.980	2.020	-21.726
2604.990	2.180	-22.532
2605.000	2.180	-23.042
2605.010	2.180	-23.482
2605.020	2.240	-23.708
2605.030	2.240	-23.855
2605.040	2.240	-23.782
2605.050	2.140	-23.635
2605.060	2.140	-23.998
2605.070	2.140	-23.998
2605.080	2.050	-23.458
2605.090	2.050	-23.019
2605.100	2.050	-22.555
2605.110	2.010	-22.335
2605.120	2.010	-22.402
2605.130	2.010	-22.036
2605.140	1.970	-21.909
2605.150	1.970	-21.396
2605.160	1.970	-21.160
2605.170	1.850	-20.208
2605.180	1.850	-20.593
2605.190	1.850	-20.227
2605.200	1.690	-19.980
2605.210	1.690	-19.541
2605.220	1.690	-18.882
2605.230	1.640	-18.515
2605.240	1.640	-18.349
2605.250	1.640	-17.836
2605.260	1.530	-17.397
2605.270	1.530	-17.617
2605.280	1.530	-16.803
2605.290	1.410	-16.363
2605.300	1.410	-16.170
2605.310	1.410	-15.291
2605.320	1.250	-15.072
2605.330	1.250	-14.193
2605.340	1.250	-13.387
2605.350	0.920	-12.801
2605.360	0.920	-11.556
2605.370	0.920	-10.091
2605.380	0.570	-9.082
2605.390	0.570	-7.690
2605.400	0.570	-6.226
2605.410	0.170	-5.127
2605.420	0.170	-3.589
2605.430	0.170	-2.417
2605.440	-0.190	-1.025
2605.450	-0.190	0.439
2605.460	-0.190	1.904
2605.470	-0.600	3.076
2605.480	-0.600	4.541
2605.490	-0.600	5.566
2605.500	-0.950	7.178
2605.510	-0.950	8.350
2605.520	-0.950	9.668
2605.530	-1.300	11.133
2605.540	-1.300	12.451
2605.550	-1.300	13.623
2605.560	-1.580	14.722
2605.570	-1.580	15.820
2605.580	-1.580	16.919
2605.590	-1.880	18.237
2605.600	-1.880	18.970
2605.610	-1.880	19.995
2605.620	-2.070	20.801
2605.630	-2.070	21.387
2605.640	-2.070	21.973
2605.650	-2.150	22.559
2605.660	-2.150	22.632
2605.670	-2.150	23.145
2605.680	-2.200	23.218
2605.690	-2.200	23.291
2605.700	-2.200	23.145
2605.710	-2.170	23.364
2605.720	-2.170	23.291
2605.730	-2.170	23.218
2605.740	-2.110	23.071
2605.750	-2.110	22.925
2605.760	-2.110	22.705
2605.770	-2.010	22.339
2605.780	-2.010	21.826
2605.790	-2.010	21.606
2605.800	-1.880	21.460
2605.810	-1.880	20.581
2605.820	-1.880	19.995
2605.830	-1.670	19.409
2605.840	-1.670	18.970
2605.850	-1.670	18.237
2605.860	-1.520	17.871
2605.870	-1.520	17.505
2605.880	-1.520	17.139
2605.890	-1.480	16.479
2605.900	-1.480	16.187
2605.910	-1.480	16.040
2605.920	-1.400	15.820
2605.930	-1.400	15.747
2605.940	-1.400	15.454
2605.950	-1.390	15.527
2605.960	-1.390	15.454
2605.970	-1.390	15.234
2605.980	-1.450	15.381
2605.990	-1.450	15.381
2606.000	-1.450	15.243
2606.010	-1.410	15.243
2606.020	-1.410	14.876
2606.030	-1.410	14.510
2606.040	-1.250	14.510
2606.050	-1.250	14.031
2606.060	-1.250	13.372
2606.070	-1.070	13.152
2606.080	-1.070	12.419
2606.090	-1.070	11.980
2606.100	-0.940	11.093
2606.110	-0.940	10.214
2606.120	-0.940	9.921
2606.130	-0.710	9.042
2606.140	-0.710	8.236
2606.150	-0.710	7.471
2606.160	-0.430	6.812
2606.170	-0.430	5.713
2606.180	-0.430	4.907
2606.190	-0.200	3.882
2606.200	-0.200	3.076
2606.210	-0.200	2.197
2606.220	0.130	1.025
2606.230	0.130	0.000
2606.240	0.130	-1.099
2606.250	0.430	-2.271
2606.260	0.430	-3.076
2606.270	0.430	-5.452
2606.280	0.740	-5.452
2606.290	0.740	-6.478
2606.300	0.740	-8.455
2606.310	0.950	-8.455
2606.320	0.950	-9.481
2606.330	0.950	-11.165
2606.340	1.180	-11.165
2606.350	1.180	-11.958
2606.360	1.180	-13.203
2606.370	1.450	-13.756
2606.380	1.450	-15.807
2606.390	1.450	-15.807
2606.400	1.720	-16.486
2606.410	1.720	-17.585
2606.420	1.720	-18.464
2606.430	2.010	-19.269
2606.440	2.010	-20.295
2606.450	2.010	-21.545
2606.460	2.170	-21.978
2606.470	2.170	-23.133
2606.480	2.170	-23.866
2606.490	2.330	-24.199
2606.500	2.330	-25.058
2606.510	2.330	-25.351
2606.520	2.460	-25.863
2606.530	2.460	-26.010
2606.540	2.460	-26.449
2606.550	2.470	-26.531
2606.560	2.470	-26.977
2606.570	2.470	-27.140
2606.580	2.480	-27.066
2606.590	2.480	-27.173
2606.600	2.480	-27.026
2606.610	2.500	-27.100
2606.620	2.500	-27.026
2606.630	2.500	-26.733
2606.640	2.370	-26.880
2606.650	2.370	-26.001
2606.660	2.370	-25.635
2606.670	2.170	-24.829
2606.680	2.170	-24.463
2606.690	2.170	-23.804
2606.700	1.970	-23.071
2606.710	1.970	-22.559
2606.720	1.970	-20.980
2606.730	1.720	-20.980
2606.740	1.720	-19.808
2606.750	1.720	-18.197
2606.760	1.450	-18.197
2606.770	1.450	-17.684
2606.780	1.450	-15.999
2606.790	1.250	-15.999
2606.800	1.250	-15.340
2606.810	1.250	-13.436
2606.820	1.080	-13.436
2606.830	1.080	-12.598
2606.840	1.080	-10.620
2606.850	0.750	-10.620
2606.860	0.750	-9.888
2606.870	0.750	-7.764
2606.880	0.440	-7.764
2606.890	0.440	-6.372
2606.900	0.440	-4.980
2606.910	0.040	-3.589
2606.920	0.040	-2.271
2606.930	0.040	-0.806
2606.940	-0.350	0.513
2606.950	-0.350	1.978
2606.960	-0.350	3.296
2606.970	-0.750	4.834
2606.980	-0.750	6.445
2606.990	-0.750	7.983
2607.000	-1.190	9.302
2607.010	-1.190	10.767
2607.020	-1.190	12.085
2607.030	-1.570	13.623
2607.040	-1.570	15.088
2607.050	-1.570	16.040
2607.060	-1.850	17.578
2607.070	-1.850	18.530
2607.080	-1.850	20.540
2607.090	-2.060	20.540
2607.100	-2.060	21.859
2607.110	-2.060	22.445
2607.120	-2.270	23.210
2607.130	-2.270	23.650
2607.140	-2.270	24.089
2607.150	-2.430	24.822
2607.160	-2.430	25.245
2607.170	-2.430	25.904
2607.180	-2.460	25.744
2607.190	-2.460	26.078
2607.200	-2.460	26.078
2607.210	-2.430	26.224
2607.220	-2.430	26.476
2607.230	-2.430	26.476
2607.240	-2.380	26.243
2607.250	-2.380	25.803
2607.260	-2.380	25.454
2607.270	-2.230	24.941
2607.280	-2.230	24.954
2607.290	-2.230	24.539
2607.300	-2.100	23.960
2607.310	-2.100	23.667
2607.320	-2.100	23.089
2607.330	-2.090	22.796
2607.340	-2.090	22.826
2607.350	-2.090	22.899
2607.360	-2.000	22.346
2607.370	-2.000	22.127
2607.380	-2.000	21.614
2607.390	-1.910	21.296
2607.400	-1.910	21.143
2607.410	-1.910	20.464
2607.420	-1.820	19.732
2607.430	-1.820	19.732
2607.440	-1.820	19.406
2607.450	-1.660	18.800
2607.460	-1.660	18.108
2607.470	-1.660	17.668
2607.480	-1.390	17.009
2607.490	-1.390	15.984
2607.500	-1.390	14.820
2607.510	-1.020	13.622
2607.520	-1.020	12.616
2607.530	-1.020	11.737
2607.540	-0.700	10.289
2607.550	-0.700	9.275
2607.560	-0.700	8.396
2607.570	-0.420	7.058
2607.580	-0.420	5.959
2607.590	-0.420	4.934
2607.600	-0.180	4.120
2607.610	-0.180	3.121
2607.620	-0.180	2.316
2607.630	0.030	1.530
2607.640	0.030	0.578
2607.650	0.030	-0.732
2607.660	0.320	-1.611
2607.670	0.320	-2.470
2607.680	0.320	-3.601
2607.690	0.600	-4.474
2607.700	0.600	-5.353
2607.710	0.600	-6.671
2607.720	0.930	-7.843
2607.730	0.930	-9.189
2607.740	0.930	-10.434
2607.750	1.300	-11.373
2607.760	1.300	-12.325
2607.770	1.300	-13.497
2607.780	1.550	-14.344
2607.790	1.550	-15.229
2607.800	1.550	-16.548
2607.810	1.720	-17.094
2607.820	1.720	-17.753
2607.830	1.720	-18.331
2607.840	1.840	-18.770
2607.850	1.840	-19.776
2607.860	1.840	-20.216
2607.870	1.920	-20.648
2607.880	1.920	-20.941
2607.890	1.920	-21.893
2607.900	2.130	-21.967
2607.910	2.130	-22.951
2607.920	2.130	-23.317
2607.930	2.290	-23.656
2607.940	2.290	-23.949
2607.950	2.290	-23.909
2607.960	2.330	-24.568
2607.970	2.330	-24.868
2607.980	2.330	-25.926
2607.990	2.400	-25.926
2608.000	2.400	-26.438
2608.010	2.400	-25.934
2608.020	2.400	-26.153
2608.030	2.400	-26.034
2608.040	2.400	-26.180
2608.050	2.270	-25.747
2608.060	2.270	-25.381
2608.070	2.270	-25.015
2608.080	2.130	-24.103
2608.090	2.130	-23.664
2608.100	2.130	-23.078
2608.110	1.930	-22.399
2608.120	1.930	-21.740
2608.130	1.930	-21.300
2608.140	1.770	-20.714
2608.150	1.770	-20.699
2608.160	1.770	-19.821
2608.170	1.630	-19.288
2608.180	1.630	-18.629
2608.190	1.630	-17.603
2608.200	1.420	-16.871
2608.210	1.420	-16.752
2608.220	1.420	-15.947
2608.230	1.180	-14.975
2608.240	1.180	-14.096
2608.250	1.180	-12.712
2608.260	0.870	-12.346
2608.270	0.870	-11.267
2608.280	0.870	-10.071
2608.290	0.610	-9.166
2608.300	0.610	-7.994
2608.310	0.610	-5.341
2608.320	0.220	-5.341
2608.330	0.220	-4.275
2608.340	0.220	-1.980
2608.350	-0.140	-1.980
2608.360	-0.140	-0.556
2608.370	-0.140	2.130
2608.380	-0.440	2.130
2608.390	-0.440	3.202
2608.400	-0.440	4.667
2608.410	-0.780	5.672
2608.420	-0.780	7.056
2608.430	-0.780	8.241
2608.440	-1.170	9.535
2608.450	-1.170	11.114
2608.460	-1.170	12.545
2608.470	-1.530	13.477
2608.480	-1.530	14.649
2608.490	-1.530	15.894
2608.500	-1.830	16.993
2608.510	-1.830	18.584
2608.520	-1.830	19.462
2608.530	-2.110	20.341
2608.540	-2.110	21.220
2608.550	-2.110	21.766
2608.560	-2.250	22.571
2608.570	-2.250	23.511
2608.580	-2.250	24.243
2608.590	-2.400	24.589
2608.600	-2.400	24.956
2608.610	-2.400	24.703
2608.620	-2.360	25.070
2608.630	-2.360	25.476
2608.640	-2.360	25.403
2608.650	-2.200	25.117
2608.660	-2.200	24.824
2608.670	-2.200	24.417
2608.680	-2.100	23.904
2608.690	-2.100	23.371
2608.700	-2.100	23.078
2608.710	-2.060	22.638
2608.720	-2.060	22.638
2608.730	-2.060	21.792
2608.740	-1.980	21.712
2608.750	-1.980	21.712
2608.760	-1.980	21.126
2608.770	-1.830	21.126
2608.780	-1.830	20.540
2608.790	-1.830	20.142
2608.800	-1.800	20.142
2608.810	-1.800	20.215
2608.820	-1.800	19.409
2608.830	-1.780	19.409
2608.840	-1.780	19.263
2608.850	-1.780	18.750
2608.860	-1.680	18.750
2608.870	-1.680	18.237
2608.880	-1.680	16.919
2608.890	-1.460	16.919
2608.900	-1.460	16.333
2608.910	-1.460	15.214
2608.920	-1.110	14.262
2608.930	-1.110	13.310
2608.940	-1.110	11.992
2608.950	-0.730	11.040
2608.960	-0.730	9.868
2608.970	-0.730	8.842
2608.980	-0.540	7.817
2608.990	-0.540	7.158
2609.000	-0.540	6.132
2609.010	-0.360	5.420
2609.020	-0.360	4.541
2609.030	-0.360	3.955
2609.040	-0.100	3.223
2609.050	-0.100	2.271
2609.060	-0.100	1.392
2609.070	0.140	0.513
2609.080	0.140	-0.293
2609.090	0.140	-1.245
2609.100	0.350	-2.197
2609.110	0.350	-3.296
2609.120	0.350	-4.028
2609.130	0.620	-4.761
2609.140	0.620	-5.786
2609.150	0.620	-6.592
2609.160	0.820	-7.617
2609.170	0.820	-8.057
2609.180	0.820	-9.009
2609.190	1.040	-9.668
2609.200	1.040	-10.718
2609.210	1.040	-11.011
2609.220	1.240	-11.883
2609.230	1.240	-12.982
2609.240	1.240	-13.429
2609.250	1.490	-14.208
2609.260	1.490	-14.794
2609.270	1.490	-16.194
2609.280	1.700	-17.006
2609.290	1.700	-17.739
2609.300	1.700	-18.373
2609.310	1.920	-19.399
2609.320	1.920	-20.634
2609.330	1.920	-21.798
2609.340	2.110	-21.798
2609.350	2.110	-22.264
2609.360	2.110	-22.850
2609.370	2.140	-22.702
2609.380	2.140	-23.062
2609.390	2.140	-23.501
2609.400	2.220	-23.941
2609.410	2.220	-24.429
2609.420	2.220	-24.299
2609.430	2.360	-24.705
2609.440	2.360	-24.705
2609.450	2.360	-25.218
2609.460	2.400	-25.144
2609.470	2.400	-26.025
2609.480	2.400	-25.658
2609.490	2.290	-25.579
2609.500	2.290	-24.700
2609.510	2.290	-24.358
2609.520	2.040	-23.772
2609.530	2.040	-23.602
2609.540	2.040	-23.455
2609.550	2.010	-22.809
2609.560	2.010	-22.516
2609.570	2.010	-21.483
2609.580	1.910	-21.336
2609.590	1.910	-20.782
2609.600	1.910	-20.562
2609.610	1.610	-19.949
2609.620	1.610	-19.144
2609.630	1.610	-18.411
2609.640	1.390	-17.672
2609.650	1.390	-16.560
2609.660	1.390	-15.681
2609.670	1.170	-14.583
2609.680	1.170	-13.630
2609.690	1.170	-12.654
2609.700	0.790	-11.435
2609.710	0.790	-9.997
2609.720	0.790	-9.045
2609.730	0.400	-7.637
2609.740	0.400	-6.187
2609.750	0.400	-3.843
2609.760	0.100	-3.843
2609.770	0.100	-2.671
2609.780	0.100	-0.108
2609.790	-0.290	-0.108
2609.800	-0.290	1.237
2609.810	-0.290	3.727
2609.820	-0.700	3.727
2609.830	-0.700	5.192
2609.840	-0.700	7.910
2609.850	-1.000	7.910
2609.860	-1.000	9.302
2609.870	-1.000	11.865
2609.880	-1.320	11.865
2609.890	-1.320	13.330
2609.900	-1.320	15.381
2609.910	-1.660	15.381
2609.920	-1.660	16.333
2609.930	-1.660	18.604
2609.940	-1.930	18.604
2609.950	-1.930	19.629
2609.960	-1.930	21.973
2609.970	-2.190	21.973
2609.980	-2.190	22.485
2609.990	-2.190	24.097
2610.000	-2.450	24.097
2610.010	-2.450	24.516
2610.020	-2.450	25.769
2610.030	-2.520	25.769
2610.040	-2.520	26.502
2610.050	-2.520	26.941
2610.060	-2.450	26.941
2610.070	-2.450	26.429
2610.080	-2.450	25.916
2610.090	-2.290	25.916
2610.100	-2.290	25.476
2610.110	-2.290	23.770
2610.120	-2.030	23.770
2610.130	-2.030	23.152
2610.140	-2.030	21.321
2610.150	-1.720	21.321
2610.160	-1.720	20.076
2610.170	-1.720	19.636
2610.180	-1.630	18.944
2610.190	-1.630	18.724
2610.200	-1.630	18.578
2610.210	-1.840	18.578
2610.220	-1.840	19.140
2610.230	-1.840	19.099
2610.240	-1.890	19.192
2610.250	-1.890	19.192
2610.260	-1.890	19.632
2610.270	-1.770	19.412
2610.280	-1.770	19.242
2610.290	-1.770	18.876
2610.300	-1.540	18.223
2610.310	-1.540	17.564
2610.320	-1.540	16.522
2610.330	-1.310	15.936
2610.340	-1.310	15.257
2610.350	-1.310	14.232
2610.360	-1.050	13.426
2610.370	-1.050	12.808
2610.380	-1.050	11.839
2610.390	-0.820	11.020
2610.400	-0.820	10.208
2610.410	-0.820	9.476
2610.420	-0.670	8.670
2610.430	-0.670	7.994
2610.440	-0.670	7.189
2610.450	-0.460	6.650
2610.460	-0.460	5.771
2610.470	-0.460	4.778
2610.480	-0.210	4.119
2610.490	-0.210	3.253
2610.500	-0.210	2.667
2610.510	0.010	1.955
2610.520	0.010	1.149
2610.530	0.010	-0.007
2610.540	0.260	-1.179
2610.550	0.260	-1.958
2610.560	0.260	-2.836
2610.570	0.590	-3.915
2610.580	0.590	-4.794
2610.590	0.590	-7.138
2610.600	0.880	-7.138
2610.610	0.880	-8.330
2610.620	0.880	-9.282
2610.630	1.130	-10.234
2610.640	1.130	-10.673
2610.650	1.130	-11.870
2610.660	1.260	-12.735
2610.670	1.260	-13.121
2610.680	1.260	-14.074
2610.690	1.470	-14.586
2610.700	1.470	-15.669
2610.710	1.470	-16.328
2610.720	1.730	-16.814
2610.730	1.730	-17.473
2610.740	1.730	-18.425
2610.750	1.910	-18.840
2610.760	1.910	-19.765
2610.770	1.910	-20.571
2610.780	1.950	-20.870
2610.790	1.950	-21.326
2610.800	1.950	-21.635
2610.810	2.020	-21.582
2610.820	2.020	-22.121
2610.830	2.020	-21.975
2610.840	2.030	-22.195
2610.850	2.030	-22.268
2610.860	2.030	-22.235
2610.870	2.010	-22.109
2610.880	2.010	-22.395
2610.890	2.010	-22.639
2610.900	2.140	-22.826
2610.910	2.140	-23.025
2610.920	2.140	-23.465
2610.930	2.270	-23.758
2610.940	2.270	-24.336
2610.950	2.270	-24.409
2610.960	2.300	-24.249
2610.970	2.300	-24.376
2610.980	2.300	-24.376
2610.990	2.140	-23.822
2611.000	2.140	-23.563
2611.010	2.140	-23.481
2611.020	1.970	-22.636
2611.030	1.970	-22.050
2611.040	1.970	-20.959
2611.050	1.690	-20.446
2611.060	1.690	-19.499
2611.070	1.690	-18.987
2611.080	1.400	-18.035
2611.090	1.400	-17.082
2611.100	1.400	-15.984
2611.110	1.170	-14.967
2611.120	1.170	-14.242
2611.130	1.170	-13.582
2611.140	0.930	-12.490
2611.150	0.930	-11.685
2611.160	0.930	-11.115
2611.170	0.780	-10.103
2611.180	0.780	-9.444
2611.190	0.780	-8.931
2611.200	0.570	-8.052
2611.210	0.570	-7.173
2611.220	0.570	-6.197
2611.230	0.300	-5.165
2611.240	0.300	-4.499
2611.250	0.300	-3.327
2611.260	-0.090	-2.220
2611.270	-0.090	-1.035
2611.280	-0.090	0.796
2611.290	-0.550	2.261
2611.300	-0.550	3.726
2611.310	-0.550	4.971
2611.320	-0.990	6.672
2611.330	-0.990	8.057
2611.340	-0.990	9.595
2611.350	-1.310	11.279
2611.360	-1.310	12.817
2611.370	-1.310	13.916
2611.380	-1.650	15.161
2611.390	-1.650	16.187
2611.400	-1.650	17.358
2611.410	-1.940	18.604
2611.420	-1.940	19.482
2611.430	-1.940	20.361
2611.440	-2.120	21.387
2611.450	-2.120	21.753
2611.460	-2.120	22.412
2611.470	-2.230	22.998
2611.480	-2.230	23.291
2611.490	-2.230	23.657
2611.500	-2.280	24.023
2611.510	-2.280	24.023
2611.520	-2.280	24.316
2611.530	-2.300	24.756
2611.540	-2.300	24.756
2611.550	-2.300	24.829
2611.560	-2.300	24.976
2611.570	-2.300	25.049
2611.580	-2.300	24.829
2611.590	-2.210	24.902
2611.600	-2.210	24.390
2611.610	-2.210	24.316
2611.620	-2.120	23.877
2611.630	-2.120	23.071
2611.640	-2.120	22.852
2611.650	-2.010	22.559
2611.660	-2.010	22.119
2611.670	-2.010	21.826
2611.680	-1.980	21.899
2611.690	-1.980	21.606
2611.700	-1.980	21.606
2611.710	-1.970	21.460
2611.720	-1.970	20.947
2611.730	-1.970	20.947
2611.740	-1.810	20.288
2611.750	-1.810	19.995
2611.760	-1.810	19.336
2611.770	-1.550	18.677
2611.780	-1.550	17.944
2611.790	-1.550	17.358
2611.800	-1.410	16.553
2611.810	-1.410	15.894
2611.820	-1.410	15.308
2611.830	-1.230	14.868
2611.840	-1.230	14.136
2611.850	-1.230	13.770
2611.860	-1.120	13.403
2611.870	-1.120	13.330
2611.880	-1.120	12.524
2611.890	-1.040	12.305
2611.900	-1.040	11.792
2611.910	-1.040	11.279
2611.920	-0.930	10.986
2611.930	-0.930	10.034
2611.940	-0.930	9.521
2611.950	-0.640	8.496
2611.960	-0.640	7.544
2611.970	-0.640	6.372
2611.980	-0.250	5.493
2611.990	-0.250	4.028
2612.000	-0.250	2.930
2612.010	0.110	1.831
2612.020	0.110	0.659
2612.030	0.110	0.000
2612.040	0.270	-0.806
2612.050	0.270	-1.611
2612.060	0.270	-2.563
2612.070	0.470	-3.369
2612.080	0.470	-4.102
2612.090	0.470	-5.054
2612.100	0.710	-5.713
2612.110	0.710	-6.738
2612.120	0.710	-7.617
2612.130	1.040	-9.009
2612.140	1.040	-9.888
2612.150	1.040	-10.986
2612.160	1.310	-12.085
2612.170	1.310	-12.964
2612.180	1.310	-13.989
2612.190	1.520	-14.722
2612.200	1.520	-15.674
2612.210	1.520	-16.553
2612.220	1.730	-17.505
2612.230	1.730	-18.237
2612.240	1.730	-19.116
2612.250	2.080	-20.215
2612.260	2.080	-20.654
2612.270	2.080	-21.753
2612.280	2.220	-22.339
2612.290	2.220	-22.852
2612.300	2.220	-23.291
2612.310	2.180	-23.657
2612.320	2.180	-23.812
2612.330	2.180	-23.812
2612.340	2.090	-23.752
2612.350	2.090	-23.459
2612.360	2.090	-23.386
2612.370	2.100	-23.312
2612.380	2.100	-23.573
2612.390	2.100	-23.793
2612.400	2.260	-23.786
2612.410	2.260	-23.713
2612.420	2.260	-23.851
2612.430	2.240	-23.924
2612.440	2.240	-24.057
2612.450	2.240	-24.057
2612.460	2.120	-24.131
2612.470	2.120	-24.171
2612.480	2.120	-23.618
2612.490	2.090	-23.179
2612.500	2.090	-22.892
2612.510	2.090	-22.819
2612.520	2.000	-22.013
2612.530	2.000	-21.794
2612.540	2.000	-21.501
2612.550	1.760	-20.821
2612.560	1.760	-20.309
2612.570	1.760	-19.169
2612.580	1.540	-18.730
2612.590	1.540	-18.144
2612.600	1.540	-17.631
2612.610	1.380	-16.752
2612.620	1.380	-16.460
2612.630	1.380	-15.654
2612.640	1.280	-14.775
2612.650	1.280	-14.331
2612.660	1.280	-13.379
2612.670	0.960	-12.713
2612.680	0.960	-11.761
2612.690	0.960	-10.516
2612.700	0.560	-9.271
2612.710	0.560	-8.050
2612.720	0.560	-5.413
2612.730	0.210	-5.413
2612.740	0.210	-4.241
2612.750	0.210	-1.483
2612.760	-0.200	-1.483
2612.770	-0.200	0.195
2612.780	-0.200	2.979
2612.790	-0.640	2.979
2612.800	-0.640	4.443
2612.810	-0.640	7.544
2612.820	-1.070	7.544
2612.830	-1.070	9.302
2612.840	-1.070	12.305
2612.850	-1.460	12.305
2612.860	-1.460	13.696
2612.870	-1.460	16.187
2612.880	-1.750	16.187
2612.890	-1.750	17.432
2612.900	-1.750	19.336
2612.910	-1.950	19.336
2612.920	-1.950	20.142
2612.930	-1.950	21.460
2612.940	-2.100	21.460
2612.950	-2.100	21.680
2612.960	-2.100	22.705
2612.970	-2.210	22.705
2612.980	-2.210	23.071
2612.990	-2.210	23.584
2613.000	-2.230	23.584
2613.010	-2.230	24.023
2613.020	-2.230	24.390
2613.030	-2.260	24.390
2613.040	-2.260	24.316
2613.050	-2.260	24.243
2613.060	-2.240	24.243
2613.070	-2.240	24.390
2613.080	-2.240	24.536
2613.090	-2.230	24.536
2613.100	-2.230	24.316
2613.110	-2.230	24.316
2613.120	-2.320	24.390
2613.130	-2.320	24.023
2613.140	-2.320	23.877
2613.150	-2.180	23.584
2613.160	-2.180	22.998
2613.170	-2.180	22.339
2613.180	-1.780	21.167
2613.190	-1.780	20.728
2613.200	-1.780	20.728
2613.210	-1.550	19.755
2613.220	-1.550	18.877
2613.230	-1.550	18.144
2613.240	-1.600	17.778
2613.250	-1.600	16.826
2613.260	-1.600	16.460
2613.270	-1.470	16.240
2613.280	-1.470	15.800
2613.290	-1.470	16.020
2613.300	-1.370	15.507
2613.310	-1.370	14.868
2613.320	-1.370	14.575
2613.330	-1.130	13.916
2613.340	-1.130	13.184
2613.350	-1.130	12.817
2613.360	-0.930	12.012
2613.370	-0.930	11.353
2613.380	-0.930	10.840
2613.390	-0.840	9.814
2613.400	-0.840	9.009
2613.410	-0.840	8.423
2613.420	-0.520	7.471
2613.430	-0.520	6.445
2613.440	-0.520	5.493
2613.450	-0.140	4.468
2613.460	-0.140	3.442
2613.470	-0.140	2.051
2613.480	0.180	0.806
2613.490	0.180	-0.269
2613.500	0.180	-1.367
2613.510	0.470	-2.606
2613.520	0.470	-3.704
2613.530	0.470	-4.510
2613.540	0.730	-5.755
2613.550	0.730	-6.821
2613.560	0.730	-7.993
2613.570	1.050	-8.692
2613.580	1.050	-9.644
2613.590	1.050	-10.621
2613.600	1.250	-11.646
2613.610	1.250	-12.882
2613.620	1.250	-13.980
2613.630	1.520	-14.713
2613.640	1.520	-15.372
2613.650	1.520	-16.283
2613.660	1.760	-17.016
2613.670	1.760	-18.221
2613.680	1.760	-19.116
2613.690	1.970	-19.915
2613.700	1.970	-20.721
2613.710	1.970	-21.323
2613.720	2.240	-21.836
2613.730	2.240	-23.301
2613.740	2.240	-24.399
2613.750	2.420	-24.812
2613.760	2.420	-25.471
2613.770	2.420	-25.764
2613.780	2.470	-26.114
2613.790	2.470	-26.780
2613.800	2.470	-27.293
2613.810	2.550	-27.652
2613.820	2.550	-27.799
2613.830	2.550	-27.725
2613.840	2.620	-27.872
2613.850	2.620	-28.045
2613.860	2.620	-28.517
2613.870	2.580	-28.517
2613.880	2.580	-28.517
2613.890	2.580	-27.711
2613.900	2.480	-27.711
2613.910	2.480	-27.352
2613.920	2.480	-26.619
2613.930	2.260	-26.619
2613.940	2.260	-25.814
2613.950	2.260	-24.390
2613.960	2.130	-24.390
2613.970	2.130	-23.877
2613.980	2.130	-22.412
2613.990	1.890	-22.412
2614.000	1.890	-21.527
2614.010	1.890	-20.281
2614.020	1.470	-19.476
2614.030	1.470	-18.157
2614.040	1.470	-17.352
2614.050	1.210	-16.033
2614.060	1.210	-15.154
2614.070	1.210	-14.056
2614.080	1.020	-13.104
2614.090	1.020	-12.005
2614.100	1.020	-10.840
2614.110	0.640	-9.888
2614.120	0.640	-8.789
2614.130	0.640	-7.910
2614.140	0.340	-6.592
2614.150	0.340	-5.566
2614.160	0.340	-3.955
2614.170	-0.020	-2.563
2614.180	-0.020	-0.952
2614.190	-0.020	0.366
2614.200	-0.560	1.978
2614.210	-0.560	3.369
2614.220	-0.560	5.127
2614.230	-1.010	6.592
2614.240	-1.010	8.350
2614.250	-1.010	10.034
2614.260	-1.340	10.986
2614.270	-1.340	12.744
2614.280	-1.340	15.601
2614.290	-1.660	16.286
2614.300	-1.660	16.286
2614.310	-1.660	18.565
2614.320	-1.890	18.565
2614.330	-1.890	19.517
2614.340	-1.890	20.909
2614.350	-2.090	20.909
2614.360	-2.090	22.374
2614.370	-2.090	23.033
2614.380	-2.240	23.033
2614.390	-2.240	23.472
2614.400	-2.240	24.390
2614.410	-2.360	24.390
2614.420	-2.360	24.536
2614.430	-2.360	25.195
2614.440	-2.410	25.195
2614.450	-2.410	25.928
2614.460	-2.410	26.221
2614.470	-2.440	26.221
2614.480	-2.440	26.221
2614.490	-2.440	26.221
2614.500	-2.410	26.221
2614.510	-2.410	26.001
2614.520	-2.410	25.635
2614.530	-2.320	25.635
2614.540	-2.320	25.635
2614.550	-2.320	24.976
2614.560	-2.240	24.976
2614.570	-2.240	24.390
2614.580	-2.240	24.170
2614.590	-2.180	24.170
2614.600	-2.180	23.950
2614.610	-2.180	23.291
2614.620	-2.100	23.291
2614.630	-2.100	23.145
2614.640	-2.100	22.046
2614.650	-1.870	22.046
2614.660	-1.870	21.021
2614.670	-1.870	20.728
2614.680	-1.640	19.829
2614.690	-1.640	19.096
2614.700	-1.640	18.217
2614.710	-1.500	17.705
2614.720	-1.500	16.573
2614.730	-1.500	15.988
2614.740	-1.210	14.942
2614.750	-1.210	14.356
2614.760	-1.210	13.697
2614.770	-1.040	13.184
2614.780	-1.040	12.578
2614.790	-1.040	12.285
2614.800	-1.040	11.546
2614.810	-1.040	10.813
2614.820	-1.040	10.699
2614.830	-0.850	9.820
2614.840	-0.850	9.539
2614.850	-0.850	8.827
2614.860	-0.530	8.387
2614.870	-0.530	7.289
2614.880	-0.530	6.450
2614.890	-0.330	5.425
2614.900	-0.330	4.789
2614.910	-0.330	4.130
2614.920	-0.190	3.104
2614.930	-0.190	2.518
2614.940	-0.190	1.721
2614.950	0.070	0.895
2614.960	0.070	-0.033
2614.970	0.070	-0.985
2614.980	0.410	-1.870
2614.990	0.410	-2.676
2615.000	0.410	-3.864
2615.010	0.670	-4.816
2615.020	0.670	-5.622
2615.030	0.670	-6.867
2615.040	0.940	-7.746
2615.050	0.940	-8.918
2615.060	0.940	-9.528
2615.070	1.120	-10.334
2615.080	1.120	-11.353
2615.090	1.120	-11.865
2615.100	1.290	-12.524
2615.110	1.290	-13.403
2615.120	1.290	-14.062
2615.130	1.470	-14.722
2615.140	1.470	-15.601
2615.150	1.470	-15.894
2615.160	1.630	-16.699
2615.170	1.630	-17.106
2615.180	1.630	-18.571
2615.190	1.800	-18.571
2615.200	1.800	-19.010
2615.210	1.800	-20.475
2615.220	2.020	-20.475
2615.230	2.020	-20.988
2615.240	2.020	-22.087
2615.250	2.120	-22.087
2615.260	2.120	-22.599
2615.270	2.120	-23.291
2615.280	2.240	-23.557
2615.290	2.240	-24.070
2615.300	2.240	-25.022
2615.310	2.480	-25.388
2615.320	2.480	-26.300
2615.330	2.480	-27.252
2615.340	2.760	-27.845
2615.350	2.760	-28.357
2615.360	2.760	-29.383
2615.370	2.870	-29.602
2615.380	2.870	-29.995
2615.390	2.870	-30.532
2615.400	2.710	-29.853
2615.410	2.710	-29.853
2615.420	2.710	-28.795
2615.430	2.300	-27.990
2615.440	2.300	-27.324
2615.450	2.300	-26.665
2615.460	2.100	-25.220
2615.470	2.100	-24.634
2615.480	2.100	-23.828
2615.490	1.990	-22.632
2615.500	1.990	-22.286
2615.510	1.990	-21.260
2615.520	1.700	-20.601
2615.530	1.700	-19.747
2615.540	1.700	-18.868
2615.550	1.340	-17.789
2615.560	1.340	-17.256
2615.570	1.340	-16.084
2615.580	1.190	-15.279
2615.590	1.190	-14.278
2615.600	1.190	-13.252
2615.610	0.880	-12.234
2615.620	0.880	-11.208
2615.630	0.880	-9.792
2615.640	0.570	-8.840
2615.650	0.570	-7.982
2615.660	0.570	-5.711
2615.670	0.260	-5.711
2615.680	0.260	-4.393
2615.690	0.260	-1.585
2615.700	-0.090	-1.585
2615.710	-0.090	-0.480
2615.720	-0.090	2.303
2615.730	-0.580	2.303
2615.740	-0.580	3.768
2615.750	-0.580	5.640
2615.760	-1.090	7.258
2615.770	-1.090	8.869
2615.780	-1.090	10.627
2615.790	-1.570	12.385
2615.800	-1.570	14.305
2615.810	-1.570	16.136
2615.820	-1.930	17.601
2615.830	-1.930	18.700
2615.840	-1.930	20.018
2615.850	-2.180	21.043
2615.860	-2.180	22.249
2615.870	-2.180	23.201
2615.880	-2.280	23.634
2615.890	-2.280	24.220
2615.900	-2.280	24.277
2615.910	-2.420	25.083
2615.920	-2.420	25.897
2615.930	-2.420	26.263
2615.940	-2.580	26.509
2615.950	-2.580	26.802
2615.960	-2.580	27.347
2615.970	-2.650	27.640
2615.980	-2.650	28.306
2615.990	-2.650	28.453
2616.000	-2.530	28.499
2616.010	-2.530	28.353
2616.020	-2.530	28.052
2616.030	-2.550	27.905
2616.040	-2.550	28.253
2616.050	-2.550	27.960
2616.060	-2.490	27.341
2616.070	-2.490	26.755
2616.080	-2.490	26.462
2616.090	-2.270	25.803
2616.100	-2.270	26.025
2616.110	-2.270	25.146
2616.120	-2.140	24.700
2616.130	-2.140	24.187
2616.140	-2.140	23.520
2616.150	-2.070	23.080
2616.160	-2.070	22.910
2616.170	-2.070	22.764
2616.180	-1.910	21.858
2616.190	-1.910	21.345
2616.200	-1.910	20.198
2616.210	-1.640	19.832
2616.220	-1.640	19.033
2616.230	-1.640	18.373
2616.240	-1.350	17.095
2616.250	-1.350	16.509
2616.260	-1.350	14.222
2616.270	-1.140	14.222
2616.280	-1.140	13.224
2616.290	-1.140	11.685
2616.300	-0.910	11.685
2616.310	-0.910	10.440
2616.320	-0.910	9.342
2616.330	-0.480	8.216
2616.340	-0.480	7.371
2616.350	-0.480	5.906
2616.360	-0.100	4.588
2616.370	-0.100	3.237
2616.380	-0.100	2.138
2616.390	0.190	0.713
2616.400	0.190	-0.459
2616.410	0.190	-1.777
2616.420	0.480	-2.729
2616.430	0.480	-3.647
2616.440	0.480	-4.672
2616.450	0.690	-5.671
2616.460	0.690	-6.476
2616.470	0.690	-7.469
2616.480	0.960	-8.128
2616.490	0.960	-9.194
2616.500	0.960	-10.471
2616.510	1.240	-10.791
2616.520	1.240	-11.890
2616.530	1.240	-13.070
2616.540	1.460	-13.729
2616.550	1.460	-14.927
2616.560	1.460	-15.879
2616.570	1.630	-16.359
2616.580	1.630	-17.384
2616.590	1.630	-17.897
2616.600	1.820	-18.377
2616.610	1.820	-19.376
2616.620	1.820	-20.108
2616.630	2.060	-20.541
2616.640	2.060	-21.786
2616.650	2.060	-22.006
2616.660	2.260	-22.885
2616.670	2.260	-23.854
2616.680	2.260	-24.513
2616.690	2.430	-24.999
2616.700	2.430	-25.365
2616.710	2.430	-26.171
2616.720	2.510	-26.391
2616.730	2.510	-27.219
2616.740	2.510	-27.293
2616.750	2.560	-27.472
2616.760	2.560	-27.765
2616.770	2.560	-27.782
2616.780	2.580	-27.855
2616.790	2.580	-28.158
2616.800	2.580	-28.158
2616.810	2.490	-27.619
2616.820	2.490	-27.253
2616.830	2.490	-26.797
2616.840	2.290	-26.284
2616.850	2.290	-26.617
2616.860	2.290	-25.738
2616.870	2.210	-25.419
2616.880	2.210	-24.833
2616.890	2.210	-24.629
2616.900	2.170	-24.117
2616.910	2.170	-24.176
2616.920	2.170	-23.956
2616.930	2.030	-23.450
2616.940	2.030	-23.084
2616.950	2.030	-22.205
2616.960	1.910	-22.058
2616.970	1.910	-21.426
2616.980	1.910	-21.182
2616.990	1.680	-20.017
2617.000	1.680	-19.431
2617.010	1.680	-18.299
2617.020	1.380	-17.567
2617.030	1.380	-16.576
2617.040	1.380	-15.843
2617.050	1.070	-14.591
2617.060	1.070	-13.420
2617.070	1.070	-12.101
2617.080	0.640	-10.514
2617.090	0.640	-9.360
2617.100	0.640	-7.895
2617.110	0.250	-6.504
2617.120	0.250	-5.039
2617.130	0.250	-3.680
2617.140	-0.150	-2.142
2617.150	-0.150	-0.610
2617.160	-0.150	1.147
2617.170	-0.560	2.459
2617.180	-0.560	3.997
2617.190	-0.560	5.120
2617.200	-0.910	6.585
2617.210	-0.910	8.050
2617.220	-0.910	9.442
2617.230	-1.270	10.753
2617.240	-1.270	12.072
2617.250	-1.270	13.170
2617.260	-1.630	14.489
2617.270	-1.630	15.968
2617.280	-1.630	16.994
2617.290	-1.930	18.245
2617.300	-1.930	19.124
2617.310	-1.930	20.003
2617.320	-2.110	21.029
2617.330	-2.110	22.183
2617.340	-2.110	23.135
2617.350	-2.320	23.634
2617.360	-2.320	24.367
2617.370	-2.320	24.798
2617.380	-2.540	25.530
2617.390	-2.540	26.036
2617.400	-2.540	26.696
2617.410	-2.590	27.148
2617.420	-2.590	27.222
2617.430	-2.590	27.612
2617.440	-2.630	27.832
2617.450	-2.630	28.431
2617.460	-2.630	28.724
2617.470	-2.650	28.744
2617.480	-2.650	28.451
2617.490	-2.650	28.598
2617.500	-2.620	28.232
2617.510	-2.620	28.527
2617.520	-2.620	28.381
2617.530	-2.490	27.902
2617.540	-2.490	27.462
2617.550	-2.490	26.949
2617.560	-2.280	26.071
2617.570	-2.280	26.026
2617.580	-2.280	25.587
2617.590	-2.140	24.934
2617.600	-2.140	24.275
2617.610	-2.140	23.380
2617.620	-2.010	22.721
2617.630	-2.010	22.321
2617.640	-2.010	21.808
2617.650	-1.790	21.189
2617.660	-1.790	20.676
2617.670	-1.790	19.602
2617.680	-1.700	19.309
2617.690	-1.700	19.132
2617.700	-1.700	18.546
2617.710	-1.560	17.880
2617.720	-1.560	16.610
2617.730	-1.560	16.244
2617.740	-1.330	16.244
2617.750	-1.330	15.445
2617.760	-1.330	14.265
2617.770	-1.180	14.265
2617.780	-1.180	13.753
2617.790	-1.180	12.459
2617.800	-1.010	12.459
2617.810	-1.010	11.586
2617.820	-1.010	9.780
2617.830	-0.720	9.780
2617.840	-0.720	8.754
2617.850	-0.720	6.665
2617.860	-0.290	6.665
2617.870	-0.290	5.786
2617.880	-0.290	2.783
2617.890	0.030	2.783
2617.900	0.030	1.318
2617.910	0.030	-0.586
2617.920	0.330	-0.586
2617.930	0.330	-1.611
2617.940	0.330	-3.882
2617.950	0.520	-3.882
2617.960	0.520	-4.834
2617.970	0.520	-6.445
2617.980	0.770	-6.445
2617.990	0.770	-7.251
2618.000	0.770	-9.302
2618.010	1.090	-9.302
2618.020	1.090	-10.474
2618.030	1.090	-12.524
2618.040	1.440	-12.524
2618.050	1.440	-13.623
2618.060	1.440	-14.795
2618.070	1.650	-15.427
2618.080	1.650	-16.673
2618.090	1.650	-17.405
2618.100	1.840	-18.357
2618.110	1.840	-18.943
2618.120	1.840	-19.602
2618.130	1.980	-20.335
2618.140	1.980	-20.945
2618.150	1.980	-21.531
2618.160	2.120	-21.811
2618.170	2.120	-22.643
2618.180	2.120	-23.229
2618.190	2.360	-23.961
2618.200	2.360	-25.174
2618.210	2.360	-25.467
2618.220	2.480	-25.866
2618.230	2.480	-26.534
2618.240	2.480	-27.022
2618.250	2.620	-27.601
2618.260	2.620	-28.127
2618.270	2.620	-28.640
2618.280	2.780	-29.446
2618.290	2.780	-29.665
2618.300	2.780	-29.332
2618.310	2.850	-30.357
2618.320	2.850	-31.015
2618.330	2.850	-31.007
2618.340	2.910	-31.207
2618.350	2.910	-31.067
2618.360	2.910	-31.141
2618.370	2.810	-31.287
2618.380	2.810	-30.774
2618.390	2.810	-30.701
2618.400	2.580	-30.095
2618.410	2.580	-29.070
2618.420	2.580	-28.451
2618.430	2.380	-27.792
2618.440	2.380	-27.185
2618.450	2.380	-25.721
2618.460	2.120	-25.721
2618.470	2.120	-24.549
2618.480	2.120	-22.278
2618.490	1.780	-22.278
2618.500	1.780	-21.200
2618.510	1.780	-18.636
2618.520	1.370	-18.636
2618.530	1.370	-17.611
2618.540	1.370	-14.282
2618.550	0.970	-14.282
2618.560	0.970	-13.037
2618.570	0.970	-10.254
2618.580	0.640	-10.254
2618.590	0.640	-8.789
2618.600	0.640	-6.299
2618.610	0.270	-6.299
2618.620	0.270	-5.200
2618.630	0.270	-2.563
2618.640	-0.050	-2.563
2618.650	-0.050	-1.465
2618.660	-0.050	1.611
2618.670	-0.450	1.611
2618.680	-0.450	2.856
2618.690	-0.450	4.395
2618.700	-0.930	5.933
2618.710	-0.930	7.471
2618.720	-0.930	8.862
2618.730	-1.340	10.400
2618.740	-1.340	11.792
2618.750	-1.340	13.550
2618.760	-1.670	14.888
2618.770	-1.670	15.914
2618.780	-1.670	17.452
2618.790	-1.970	18.331
2618.800	-1.970	19.722
2618.810	-1.970	20.821
2618.820	-2.220	21.993
2618.830	-2.220	23.165
2618.840	-2.220	24.043
2618.850	-2.460	24.576
2618.860	-2.460	25.362
2618.870	-2.460	26.387
2618.880	-2.640	26.973
2618.890	-2.640	27.860
2618.900	-2.640	28.519
2618.910	-2.780	28.752
2618.920	-2.780	28.826
2618.930	-2.780	29.192
2618.940	-2.800	29.631
2618.950	-2.800	29.994
2618.960	-2.800	30.287
2618.970	-2.730	30.147
2618.980	-2.730	30.000
2618.990	-2.730	29.773
2619.000	-2.680	29.113
2619.010	-2.680	29.466
2619.020	-2.680	29.613
2619.030	-2.660	29.173
2619.040	-2.660	29.190
2619.050	-2.660	28.734
2619.060	-2.610	28.521
2619.070	-2.610	28.148
2619.080	-2.610	27.928
2619.090	-2.410	27.416
2619.100	-2.410	27.391
2619.110	-2.410	26.173
2619.120	-2.140	25.733
2619.130	-2.140	24.635
2619.140	-2.140	23.739
2619.150	-1.960	23.080
2619.160	-1.960	21.837
2619.170	-1.960	21.837
2619.180	-1.800	20.804
2619.190	-1.800	20.072
2619.200	-1.800	18.851
2619.210	-1.460	18.092
2619.220	-1.460	17.140
2619.230	-1.460	16.481
2619.240	-1.150	15.309
2619.250	-1.150	13.991
2619.260	-1.150	12.518
2619.270	-0.840	11.419
2619.280	-0.840	10.327
2619.290	-0.840	9.082
2619.300	-0.420	7.764
2619.310	-0.420	6.665
2619.320	-0.420	5.273
2619.330	-0.080	4.102
2619.340	-0.080	2.930
2619.350	-0.080	1.978
2619.360	0.150	0.806
2619.370	0.150	-0.513
2619.380	0.150	-1.758
2619.390	0.440	-2.637
2619.400	0.440	-3.369
2619.410	0.440	-4.468
2619.420	0.740	-5.347
2619.430	0.740	-6.519
2619.440	0.740	-7.324
2619.450	0.940	-8.276
2619.460	0.940	-9.155
2619.470	0.940	-10.181
2619.480	1.180	-10.620
2619.490	1.180	-11.646
2619.500	1.180	-12.891
2619.510	1.420	-13.330
2619.520	1.420	-14.136
2619.530	1.420	-14.722
2619.540	1.520	-15.527
2619.550	1.520	-15.894
