%ArduinoTime [ms]	Reference Position [rad]	Measured Position [rad]	Actual Current [A]	Proportional Gain [Kp]	Derivative Gain [Kd]	Integral Gain [Ki]	%9/16/20259:37 AM
0.000	0.000	0.000	0.000	0.000	0.000	0.000
4055720.000	0.000	-0.010	0.000	200.000	0.000	0.000
4055720.000	0.000	-0.010	0.000	200.000	0.000	0.000
4055720.000	0.000	-0.010	0.000	200.000	0.000	0.000
4055750.000	0.000	-0.010	0.000	200.000	0.000	0.000
4055750.000	0.000	-0.010	0.000	200.000	0.000	0.000
4055750.000	0.000	-0.010	0.000	200.000	0.000	0.000
4055780.000	0.000	-0.010	0.000	200.000	0.000	0.000
4055780.000	0.000	-0.010	0.000	200.000	0.000	0.000
4055780.000	0.000	-0.010	0.000	200.000	0.000	0.000
4055810.000	0.000	-0.010	0.000	200.000	0.000	0.000
4055810.000	0.000	-0.010	0.000	200.000	0.000	0.000
4055810.000	0.000	-0.010	0.000	200.000	0.000	0.000
4055840.000	0.000	-0.010	0.000	200.000	0.000	0.000
4055840.000	0.000	-0.010	0.000	200.000	0.000	0.000
4055840.000	0.000	-0.010	0.000	200.000	0.000	0.000
4055870.000	0.000	-0.010	0.000	200.000	0.000	0.000
4055870.000	0.000	-0.010	0.000	200.000	0.000	0.000
4055870.000	0.000	-0.010	0.000	200.000	0.000	0.000
4055900.000	0.000	-0.010	0.000	200.000	0.000	0.000
4055900.000	0.000	-0.010	0.000	200.000	0.000	0.000
4055900.000	0.000	-0.010	0.000	200.000	0.000	0.000
4055930.000	0.000	-0.010	0.000	200.000	0.000	0.000
4055930.000	0.000	-0.010	0.000	200.000	0.000	0.000
4055930.000	0.000	-0.010	0.000	200.000	0.000	0.000
4055960.000	0.000	-0.010	0.000	200.000	0.000	0.000
4055960.000	0.000	-0.010	0.000	200.000	0.000	0.000
4055960.000	0.000	-0.010	0.000	200.000	0.000	0.000
4055990.000	0.000	-0.010	0.000	200.000	0.000	0.000
4055990.000	0.000	-0.010	0.000	200.000	0.000	0.000
4055990.000	0.000	-0.010	0.000	200.000	0.000	0.000
4056020.000	0.000	-0.010	0.000	200.000	0.000	0.000
4056020.000	0.000	-0.010	0.000	200.000	0.000	0.000
4056020.000	0.000	-0.010	0.000	200.000	0.000	0.000
4056050.000	0.000	-0.010	0.000	200.000	0.000	0.000
4056050.000	0.000	-0.010	0.000	200.000	0.000	0.000
4056050.000	0.000	-0.010	0.000	200.000	0.000	0.000
4056080.000	0.000	-0.010	0.000	200.000	0.000	0.000
4056080.000	0.000	-0.010	0.000	200.000	0.000	0.000
4056080.000	0.000	-0.010	0.000	200.000	0.000	0.000
4056110.000	0.000	-0.010	0.000	200.000	0.000	0.000
4056110.000	0.000	-0.010	0.000	200.000	0.000	0.000
4056110.000	0.000	-0.010	0.000	200.000	0.000	0.000
4056140.000	0.000	-0.010	0.000	200.000	0.000	0.000
4056140.000	0.000	-0.010	0.000	200.000	0.000	0.000
4056140.000	0.000	-0.010	0.000	200.000	0.000	0.000
4056170.000	0.000	-0.010	0.000	200.000	0.000	0.000
4056170.000	0.000	-0.010	0.000	200.000	0.000	0.000
4056170.000	0.000	-0.010	0.000	200.000	0.000	0.000
4056200.000	0.000	-0.010	0.000	200.000	0.000	0.000
4056200.000	0.000	-0.010	0.000	200.000	0.000	0.000
4056200.000	0.000	-0.010	0.000	200.000	0.000	0.000
4056230.000	0.000	-0.010	0.000	200.000	0.000	0.000
4056230.000	0.000	-0.010	0.000	200.000	0.000	0.000
4056230.000	0.000	-0.010	0.000	200.000	0.000	0.000
4056260.000	0.000	-0.010	0.000	200.000	0.000	0.000
4056260.000	0.000	-0.010	0.000	200.000	0.000	0.000
4056260.000	0.000	-0.010	0.000	200.000	0.000	0.000
4056290.000	0.000	-0.010	0.000	200.000	0.000	0.000
4056290.000	0.000	-0.010	0.000	200.000	0.000	0.000
4056290.000	0.000	-0.010	0.000	200.000	0.000	0.000
4056320.000	0.000	-0.010	0.000	200.000	0.000	0.000
4056320.000	0.000	-0.010	0.000	200.000	0.000	0.000
4056320.000	0.000	-0.010	0.000	200.000	0.000	0.000
4056350.000	0.000	-0.010	0.000	200.000	0.000	0.000
4056350.000	0.000	-0.010	0.000	200.000	0.000	0.000
4056350.000	0.000	-0.010	0.000	200.000	0.000	0.000
4056380.000	0.000	-0.010	0.000	200.000	0.000	0.000
4056380.000	0.000	-0.010	0.000	200.000	0.000	0.000
4056380.000	0.000	-0.010	0.000	200.000	0.000	0.000
4056410.000	0.000	-0.010	0.000	200.000	0.000	0.000
4056410.000	0.000	-0.010	0.000	200.000	0.000	0.000
4056410.000	0.000	-0.010	0.000	200.000	0.000	0.000
4056440.000	0.000	-0.010	0.000	200.000	0.000	0.000
4056440.000	0.000	-0.010	0.000	200.000	0.000	0.000
4056440.000	0.000	-0.010	0.000	200.000	0.000	0.000
4056470.000	0.000	-0.010	0.000	200.000	0.000	0.000
4056470.000	0.000	-0.010	0.000	200.000	0.000	0.000
4056470.000	0.000	-0.010	0.000	200.000	0.000	0.000
4056500.000	0.000	-0.010	0.000	200.000	0.000	0.000
4056500.000	0.000	-0.010	0.000	200.000	0.000	0.000
4056500.000	0.000	-0.010	0.000	200.000	0.000	0.000
4056530.000	0.000	-0.010	0.000	200.000	0.000	0.000
4056530.000	0.000	-0.010	0.000	200.000	0.000	0.000
4056530.000	0.000	-0.010	0.000	200.000	0.000	0.000
4056560.000	0.000	-0.010	0.000	200.000	0.000	0.000
4056560.000	0.000	-0.010	0.000	200.000	0.000	0.000
4056560.000	0.000	-0.010	0.000	200.000	0.000	0.000
4056590.000	0.000	-0.010	0.000	200.000	0.000	0.000
4056590.000	0.000	-0.010	0.000	200.000	0.000	0.000
4056590.000	0.000	-0.010	0.000	200.000	0.000	0.000
4056620.000	0.000	-0.010	0.000	200.000	0.000	0.000
4056620.000	0.000	-0.010	0.000	200.000	0.000	0.000
4056620.000	0.000	-0.010	0.000	200.000	0.000	0.000
4056650.000	0.000	-0.010	0.000	200.000	0.000	0.000
4056650.000	0.000	-0.010	0.000	200.000	0.000	0.000
4056650.000	0.000	-0.010	0.000	200.000	0.000	0.000
4056680.000	0.000	-0.010	0.000	200.000	0.000	0.000
4056680.000	0.000	-0.010	0.000	200.000	0.000	0.000
4056680.000	0.000	-0.010	0.000	200.000	0.000	0.000
4056710.000	0.000	-0.010	0.000	200.000	0.000	0.000
4056710.000	0.000	-0.010	0.000	200.000	0.000	0.000
4056710.000	0.000	-0.010	0.000	200.000	0.000	0.000
4056740.000	0.000	-0.010	0.000	200.000	0.000	0.000
4056740.000	0.000	-0.010	0.000	200.000	0.000	0.000
4056740.000	0.000	-0.010	0.000	200.000	0.000	0.000
4056770.000	0.000	-0.010	0.000	200.000	0.000	0.000
4056770.000	0.000	-0.010	0.000	200.000	0.000	0.000
4056770.000	0.000	-0.010	0.000	200.000	0.000	0.000
4056800.000	0.000	-0.010	0.000	200.000	0.000	0.000
4056800.000	0.000	-0.010	0.000	200.000	0.000	0.000
4056800.000	0.000	-0.010	0.000	200.000	0.000	0.000
4056830.000	0.000	-0.010	0.000	200.000	0.000	0.000
4056830.000	0.000	-0.010	0.000	200.000	0.000	0.000
4056830.000	0.000	-0.010	0.000	200.000	0.000	0.000
4056860.000	0.000	-0.010	0.000	200.000	0.000	0.000
4056860.000	0.000	-0.010	0.000	200.000	0.000	0.000
4056860.000	0.000	-0.010	0.000	200.000	0.000	0.000
4056890.000	0.000	-0.010	0.000	200.000	0.000	0.000
4056890.000	0.000	-0.010	0.000	200.000	0.000	0.000
4056890.000	0.000	-0.010	0.000	200.000	0.000	0.000
4056920.000	0.000	0.010	0.000	200.000	0.000	0.000
4056920.000	0.000	0.010	0.000	200.000	0.000	0.000
4056920.000	0.000	0.010	0.000	200.000	0.000	0.000
4056950.000	0.000	0.070	0.000	200.000	0.000	0.000
4056950.000	0.000	0.070	0.000	200.000	0.000	0.000
4056950.000	0.000	0.070	0.000	200.000	0.000	0.000
4056980.000	0.000	0.130	0.000	200.000	0.000	0.000
4056980.000	0.000	0.130	0.000	200.000	0.000	0.000
4056980.000	0.000	0.130	0.000	200.000	0.000	0.000
4057010.000	0.000	0.180	0.000	200.000	0.000	0.000
4057010.000	0.000	0.180	0.000	200.000	0.000	0.000
4057010.000	0.000	0.180	0.000	200.000	0.000	0.000
4057040.000	0.000	0.240	0.000	200.000	0.000	0.000
4057040.000	0.000	0.240	0.000	200.000	0.000	0.000
4057040.000	0.000	0.240	0.000	200.000	0.000	0.000
4057070.000	0.000	0.300	0.000	200.000	0.000	0.000
4057070.000	0.000	0.300	0.000	200.000	0.000	0.000
4057070.000	0.000	0.300	0.000	200.000	0.000	0.000
4057100.000	0.000	0.360	0.000	200.000	0.000	0.000
4057100.000	0.000	0.360	0.000	200.000	0.000	0.000
4057100.000	0.000	0.360	0.000	200.000	0.000	0.000
4057130.000	0.000	0.410	0.000	200.000	0.000	0.000
4057130.000	0.000	0.410	0.000	200.000	0.000	0.000
4057130.000	0.000	0.410	0.000	200.000	0.000	0.000
4057160.000	0.000	0.470	0.000	200.000	0.000	0.000
4057160.000	0.000	0.470	0.000	200.000	0.000	0.000
4057160.000	0.000	0.470	0.000	200.000	0.000	0.000
4057190.000	0.000	0.530	0.000	200.000	0.000	0.000
4057190.000	0.000	0.530	0.000	200.000	0.000	0.000
4057190.000	0.000	0.530	0.000	200.000	0.000	0.000
4057220.000	0.000	0.580	0.000	200.000	0.000	0.000
4057220.000	0.000	0.580	0.000	200.000	0.000	0.000
4057220.000	0.000	0.580	0.000	200.000	0.000	0.000
4057250.000	0.000	0.640	0.000	200.000	0.000	0.000
4057250.000	0.000	0.640	0.000	200.000	0.000	0.000
4057250.000	0.000	0.640	0.000	200.000	0.000	0.000
4057280.000	0.000	0.690	0.000	200.000	0.000	0.000
4057280.000	0.000	0.690	0.000	200.000	0.000	0.000
4057280.000	0.000	0.690	0.000	200.000	0.000	0.000
4057310.000	0.000	0.750	0.000	200.000	0.000	0.000
4057310.000	0.000	0.750	0.000	200.000	0.000	0.000
4057310.000	0.000	0.750	0.000	200.000	0.000	0.000
4057340.000	0.000	0.800	0.000	200.000	0.000	0.000
4057340.000	0.000	0.800	0.000	200.000	0.000	0.000
4057340.000	0.000	0.800	0.000	200.000	0.000	0.000
4057370.000	0.000	0.850	0.000	200.000	0.000	0.000
4057370.000	0.000	0.850	0.000	200.000	0.000	0.000
4057370.000	0.000	0.850	0.000	200.000	0.000	0.000
4057400.000	0.000	0.910	0.000	200.000	0.000	0.000
4057400.000	0.000	0.910	0.000	200.000	0.000	0.000
4057400.000	0.000	0.910	0.000	200.000	0.000	0.000
4057430.000	0.000	0.960	0.000	200.000	0.000	0.000
4057430.000	0.000	0.960	0.000	200.000	0.000	0.000
4057430.000	0.000	0.960	0.000	200.000	0.000	0.000
4057460.000	0.000	1.010	0.000	200.000	0.000	0.000
4057460.000	0.000	1.010	0.000	200.000	0.000	0.000
4057460.000	0.000	1.010	0.000	200.000	0.000	0.000
4057490.000	0.000	1.060	0.000	200.000	0.000	0.000
4057490.000	0.000	1.060	0.000	200.000	0.000	0.000
4057490.000	0.000	1.060	0.000	200.000	0.000	0.000
4057520.000	0.000	1.110	0.000	200.000	0.000	0.000
4057520.000	0.000	1.110	0.000	200.000	0.000	0.000
4057520.000	0.000	1.110	0.000	200.000	0.000	0.000
4057550.000	0.000	1.160	0.000	200.000	0.000	0.000
4057550.000	0.000	1.160	0.000	200.000	0.000	0.000
4057550.000	0.000	1.160	0.000	200.000	0.000	0.000
4057580.000	0.000	1.210	0.000	200.000	0.000	0.000
4057580.000	0.000	1.210	0.000	200.000	0.000	0.000
4057580.000	0.000	1.210	0.000	200.000	0.000	0.000
4057610.000	0.000	1.260	0.000	200.000	0.000	0.000
4057610.000	0.000	1.260	0.000	200.000	0.000	0.000
4057610.000	0.000	1.260	0.000	200.000	0.000	0.000
4057640.000	0.000	1.300	0.000	200.000	0.000	0.000
4057640.000	0.000	1.300	0.000	200.000	0.000	0.000
4057640.000	0.000	1.300	0.000	200.000	0.000	0.000
4057670.000	0.000	1.350	0.000	200.000	0.000	0.000
4057670.000	0.000	1.350	0.000	200.000	0.000	0.000
4057670.000	0.000	1.350	0.000	200.000	0.000	0.000
4057700.000	0.000	1.400	0.000	200.000	0.000	0.000
4057700.000	0.000	1.400	0.000	200.000	0.000	0.000
4057700.000	0.000	1.400	0.000	200.000	0.000	0.000
4057730.000	0.000	1.440	0.000	200.000	0.000	0.000
4057730.000	0.000	1.440	0.000	200.000	0.000	0.000
4057730.000	0.000	1.440	0.000	200.000	0.000	0.000
4057760.000	0.000	1.490	0.000	200.000	0.000	0.000
4057760.000	0.000	1.490	0.000	200.000	0.000	0.000
4057760.000	0.000	1.490	0.000	200.000	0.000	0.000
4057790.000	0.000	1.530	0.000	200.000	0.000	0.000
4057790.000	0.000	1.530	0.000	200.000	0.000	0.000
4057790.000	0.000	1.530	0.000	200.000	0.000	0.000
4057820.000	0.000	1.570	0.000	200.000	0.000	0.000
4057820.000	0.000	1.570	0.000	200.000	0.000	0.000
4057820.000	0.000	1.570	0.000	200.000	0.000	0.000
4057850.000	0.000	1.610	0.000	200.000	0.000	0.000
4057850.000	0.000	1.610	0.000	200.000	0.000	0.000
4057850.000	0.000	1.610	0.000	200.000	0.000	0.000
4057880.000	0.000	1.650	0.000	200.000	0.000	0.000
4057880.000	0.000	1.650	0.000	200.000	0.000	0.000
4057880.000	0.000	1.650	0.000	200.000	0.000	0.000
4057910.000	0.000	1.690	0.000	200.000	0.000	0.000
4057910.000	0.000	1.690	0.000	200.000	0.000	0.000
4057910.000	0.000	1.690	0.000	200.000	0.000	0.000
4057940.000	0.000	1.730	0.000	200.000	0.000	0.000
4057940.000	0.000	1.730	0.000	200.000	0.000	0.000
4057940.000	0.000	1.730	0.000	200.000	0.000	0.000
4057970.000	0.000	1.770	0.000	200.000	0.000	0.000
4057970.000	0.000	1.770	0.000	200.000	0.000	0.000
4057970.000	0.000	1.770	0.000	200.000	0.000	0.000
4058000.000	0.000	1.810	0.000	200.000	0.000	0.000
4058000.000	0.000	1.810	0.000	200.000	0.000	0.000
4058000.000	0.000	1.810	0.000	200.000	0.000	0.000
4058030.000	0.000	1.850	0.000	200.000	0.000	0.000
4058030.000	0.000	1.850	0.000	200.000	0.000	0.000
4058030.000	0.000	1.850	0.000	200.000	0.000	0.000
4058060.000	0.000	1.880	0.000	200.000	0.000	0.000
4058060.000	0.000	1.880	0.000	200.000	0.000	0.000
4058060.000	0.000	1.880	0.000	200.000	0.000	0.000
4058090.000	0.000	1.920	0.000	200.000	0.000	0.000
4058090.000	0.000	1.920	0.000	200.000	0.000	0.000
4058090.000	0.000	1.920	0.000	200.000	0.000	0.000
4058120.000	0.000	1.950	0.000	200.000	0.000	0.000
4058120.000	0.000	1.950	0.000	200.000	0.000	0.000
4058120.000	0.000	1.950	0.000	200.000	0.000	0.000
4058150.000	0.000	1.980	0.000	200.000	0.000	0.000
4058150.000	0.000	1.980	0.000	200.000	0.000	0.000
4058150.000	0.000	1.980	0.000	200.000	0.000	0.000
4058180.000	0.000	2.020	0.000	200.000	0.000	0.000
4058180.000	0.000	2.020	0.000	200.000	0.000	0.000
4058180.000	0.000	2.020	0.000	200.000	0.000	0.000
4058210.000	0.000	2.050	0.000	200.000	0.000	0.000
4058210.000	0.000	2.050	0.000	200.000	0.000	0.000
4058210.000	0.000	2.050	0.000	200.000	0.000	0.000
4058240.000	0.000	2.080	0.000	200.000	0.000	0.000
4058240.000	0.000	2.080	0.000	200.000	0.000	0.000
4058240.000	0.000	2.080	0.000	200.000	0.000	0.000
4058270.000	0.000	2.110	0.000	200.000	0.000	0.000
4058270.000	0.000	2.110	0.000	200.000	0.000	0.000
4058270.000	0.000	2.110	0.000	200.000	0.000	0.000
4058300.000	0.000	2.140	0.000	200.000	0.000	0.000
4058300.000	0.000	2.140	0.000	200.000	0.000	0.000
4058300.000	0.000	2.140	0.000	200.000	0.000	0.000
4058330.000	0.000	2.170	0.000	200.000	0.000	0.000
4058330.000	0.000	2.170	0.000	200.000	0.000	0.000
4058330.000	0.000	2.170	0.000	200.000	0.000	0.000
4058360.000	0.000	2.200	0.000	200.000	0.000	0.000
4058360.000	0.000	2.200	0.000	200.000	0.000	0.000
4058360.000	0.000	2.200	0.000	200.000	0.000	0.000
4058390.000	0.000	2.230	0.000	200.000	0.000	0.000
4058390.000	0.000	2.230	0.000	200.000	0.000	0.000
4058390.000	0.000	2.230	0.000	200.000	0.000	0.000
4058420.000	0.000	2.250	0.000	200.000	0.000	0.000
4058420.000	0.000	2.250	0.000	200.000	0.000	0.000
4058420.000	0.000	2.250	0.000	200.000	0.000	0.000
4058450.000	0.000	2.280	0.000	200.000	0.000	0.000
4058450.000	0.000	2.280	0.000	200.000	0.000	0.000
4058450.000	0.000	2.280	0.000	200.000	0.000	0.000
4058480.000	0.000	2.310	0.000	200.000	0.000	0.000
4058480.000	0.000	2.310	0.000	200.000	0.000	0.000
4058480.000	0.000	2.310	0.000	200.000	0.000	0.000
4058510.000	0.000	2.330	0.000	200.000	0.000	0.000
4058510.000	0.000	2.330	0.000	200.000	0.000	0.000
4058510.000	0.000	2.330	0.000	200.000	0.000	0.000
4058540.000	0.000	2.350	0.000	200.000	0.000	0.000
4058540.000	0.000	2.350	0.000	200.000	0.000	0.000
4058540.000	0.000	2.350	0.000	200.000	0.000	0.000
4058570.000	0.000	2.380	0.000	200.000	0.000	0.000
4058570.000	0.000	2.380	0.000	200.000	0.000	0.000
4058570.000	0.000	2.380	0.000	200.000	0.000	0.000
4058600.000	0.000	2.400	0.000	200.000	0.000	0.000
4058600.000	0.000	2.400	0.000	200.000	0.000	0.000
4058600.000	0.000	2.400	0.000	200.000	0.000	0.000
4058630.000	0.000	2.420	0.000	200.000	0.000	0.000
4058630.000	0.000	2.420	0.000	200.000	0.000	0.000
4058630.000	0.000	2.420	0.000	200.000	0.000	0.000
4058660.000	0.000	2.450	0.000	200.000	0.000	0.000
4058660.000	0.000	2.450	0.000	200.000	0.000	0.000
4058660.000	0.000	2.450	0.000	200.000	0.000	0.000
4058690.000	0.000	2.470	0.000	200.000	0.000	0.000
4058690.000	0.000	2.470	0.000	200.000	0.000	0.000
4058690.000	0.000	2.470	0.000	200.000	0.000	0.000
4058720.000	0.000	2.490	0.000	200.000	0.000	0.000
4058720.000	0.000	2.490	0.000	200.000	0.000	0.000
4058720.000	0.000	2.490	0.000	200.000	0.000	0.000
4058750.000	0.000	2.510	0.000	200.000	0.000	0.000
4058750.000	0.000	2.510	0.000	200.000	0.000	0.000
4058750.000	0.000	2.510	0.000	200.000	0.000	0.000
4058780.000	0.000	2.530	0.000	200.000	0.000	0.000
4058780.000	0.000	2.530	0.000	200.000	0.000	0.000
4058780.000	0.000	2.530	0.000	200.000	0.000	0.000
4058810.000	0.000	2.550	0.000	200.000	0.000	0.000
4058810.000	0.000	2.550	0.000	200.000	0.000	0.000
4058810.000	0.000	2.550	0.000	200.000	0.000	0.000
4058840.000	0.000	2.570	0.000	200.000	0.000	0.000
4058840.000	0.000	2.570	0.000	200.000	0.000	0.000
4058840.000	0.000	2.570	0.000	200.000	0.000	0.000
4058870.000	0.000	2.590	0.000	200.000	0.000	0.000
4058870.000	0.000	2.590	0.000	200.000	0.000	0.000
4058870.000	0.000	2.590	0.000	200.000	0.000	0.000
4058900.000	0.000	2.600	0.000	200.000	0.000	0.000
4058900.000	0.000	2.600	0.000	200.000	0.000	0.000
4058900.000	0.000	2.600	0.000	200.000	0.000	0.000
4058930.000	0.000	2.620	0.000	200.000	0.000	0.000
4058930.000	0.000	2.620	0.000	200.000	0.000	0.000
4058930.000	0.000	2.620	0.000	200.000	0.000	0.000
4058960.000	0.000	2.640	0.000	200.000	0.000	0.000
4058960.000	0.000	2.640	0.000	200.000	0.000	0.000
4058960.000	0.000	2.640	0.000	200.000	0.000	0.000
4058990.000	0.000	2.660	0.000	200.000	0.000	0.000
4058990.000	0.000	2.660	0.000	200.000	0.000	0.000
4058990.000	0.000	2.660	0.000	200.000	0.000	0.000
4059020.000	0.000	2.670	0.000	200.000	0.000	0.000
4059020.000	0.000	2.670	0.000	200.000	0.000	0.000
4059020.000	0.000	2.670	0.000	200.000	0.000	0.000
4059050.000	0.000	2.690	0.000	200.000	0.000	0.000
4059050.000	0.000	2.690	0.000	200.000	0.000	0.000
4059050.000	0.000	2.690	0.000	200.000	0.000	0.000
4059080.000	0.000	2.700	0.000	200.000	0.000	0.000
4059080.000	0.000	2.700	0.000	200.000	0.000	0.000
4059080.000	0.000	2.700	0.000	200.000	0.000	0.000
4059110.000	0.000	2.720	0.000	200.000	0.000	0.000
4059110.000	0.000	2.720	0.000	200.000	0.000	0.000
4059110.000	0.000	2.720	0.000	200.000	0.000	0.000
4059140.000	0.000	2.730	0.000	200.000	0.000	0.000
4059140.000	0.000	2.730	0.000	200.000	0.000	0.000
4059140.000	0.000	2.730	0.000	200.000	0.000	0.000
4059170.000	0.000	2.750	0.000	200.000	0.000	0.000
4059170.000	0.000	2.750	0.000	200.000	0.000	0.000
4059170.000	0.000	2.750	0.000	200.000	0.000	0.000
4059200.000	0.000	2.760	0.000	200.000	0.000	0.000
4059200.000	0.000	2.760	0.000	200.000	0.000	0.000
4059200.000	0.000	2.760	0.000	200.000	0.000	0.000
4059230.000	0.000	2.780	0.000	200.000	0.000	0.000
4059230.000	0.000	2.780	0.000	200.000	0.000	0.000
4059230.000	0.000	2.780	0.000	200.000	0.000	0.000
4059260.000	0.000	2.790	0.000	200.000	0.000	0.000
4059260.000	0.000	2.790	0.000	200.000	0.000	0.000
4059260.000	0.000	2.790	0.000	200.000	0.000	0.000
4059290.000	0.000	2.800	0.000	200.000	0.000	0.000
4059290.000	0.000	2.800	0.000	200.000	0.000	0.000
4059290.000	0.000	2.800	0.000	200.000	0.000	0.000
4059320.000	0.000	2.810	0.000	200.000	0.000	0.000
4059320.000	0.000	2.810	0.000	200.000	0.000	0.000
4059320.000	0.000	2.810	0.000	200.000	0.000	0.000
4059350.000	0.000	2.830	0.000	200.000	0.000	0.000
4059350.000	0.000	2.830	0.000	200.000	0.000	0.000
4059350.000	0.000	2.830	0.000	200.000	0.000	0.000
4059380.000	0.000	2.840	0.000	200.000	0.000	0.000
4059380.000	0.000	2.840	0.000	200.000	0.000	0.000
4059380.000	0.000	2.840	0.000	200.000	0.000	0.000
4059410.000	0.000	2.850	0.000	200.000	0.000	0.000
4059410.000	0.000	2.850	0.000	200.000	0.000	0.000
4059410.000	0.000	2.850	0.000	200.000	0.000	0.000
4059440.000	0.000	2.860	0.000	200.000	0.000	0.000
4059440.000	0.000	2.860	0.000	200.000	0.000	0.000
4059440.000	0.000	2.860	0.000	200.000	0.000	0.000
4059470.000	0.000	2.870	0.000	200.000	0.000	0.000
4059470.000	0.000	2.870	0.000	200.000	0.000	0.000
4059470.000	0.000	2.870	0.000	200.000	0.000	0.000
4059500.000	0.000	2.880	0.000	200.000	0.000	0.000
4059500.000	0.000	2.880	0.000	200.000	0.000	0.000
4059500.000	0.000	2.880	0.000	200.000	0.000	0.000
4059530.000	0.000	2.890	0.000	200.000	0.000	0.000
4059530.000	0.000	2.890	0.000	200.000	0.000	0.000
4059530.000	0.000	2.890	0.000	200.000	0.000	0.000
4059560.000	0.000	2.900	0.000	200.000	0.000	0.000
4059560.000	0.000	2.900	0.000	200.000	0.000	0.000
4059560.000	0.000	2.900	0.000	200.000	0.000	0.000
4059590.000	0.000	2.910	0.000	200.000	0.000	0.000
4059590.000	0.000	2.910	0.000	200.000	0.000	0.000
4059590.000	0.000	2.910	0.000	200.000	0.000	0.000
4059620.000	0.000	2.920	0.000	200.000	0.000	0.000
4059620.000	0.000	2.920	0.000	200.000	0.000	0.000
4059620.000	0.000	2.920	0.000	200.000	0.000	0.000
4059650.000	0.000	2.930	0.000	200.000	0.000	0.000
4059650.000	0.000	2.930	0.000	200.000	0.000	0.000
4059650.000	0.000	2.930	0.000	200.000	0.000	0.000
4059680.000	0.000	2.940	0.000	200.000	0.000	0.000
4059680.000	0.000	2.940	0.000	200.000	0.000	0.000
4059680.000	0.000	2.940	0.000	200.000	0.000	0.000
4059710.000	0.000	2.950	0.000	200.000	0.000	0.000
4059710.000	0.000	2.950	0.000	200.000	0.000	0.000
4059710.000	0.000	2.950	0.000	200.000	0.000	0.000
4059740.000	0.000	2.960	0.000	200.000	0.000	0.000
4059740.000	0.000	2.960	0.000	200.000	0.000	0.000
4059740.000	0.000	2.960	0.000	200.000	0.000	0.000
4059770.000	0.000	2.970	0.000	200.000	0.000	0.000
4059770.000	0.000	2.970	0.000	200.000	0.000	0.000
4059770.000	0.000	2.970	0.000	200.000	0.000	0.000
4059800.000	0.000	2.970	0.000	200.000	0.000	0.000
4059800.000	0.000	2.970	0.000	200.000	0.000	0.000
4059800.000	0.000	2.970	0.000	200.000	0.000	0.000
4059830.000	0.000	2.980	0.000	200.000	0.000	0.000
4059830.000	0.000	2.980	0.000	200.000	0.000	0.000
4059830.000	0.000	2.980	0.000	200.000	0.000	0.000
4059860.000	0.000	2.990	0.000	200.000	0.000	0.000
4059860.000	0.000	2.990	0.000	200.000	0.000	0.000
4059860.000	0.000	2.990	0.000	200.000	0.000	0.000
4059890.000	0.000	3.000	0.000	200.000	0.000	0.000
4059890.000	0.000	3.000	0.000	200.000	0.000	0.000
4059890.000	0.000	3.000	0.000	200.000	0.000	0.000
4059920.000	0.000	3.000	0.000	200.000	0.000	0.000
4059920.000	0.000	3.000	0.000	200.000	0.000	0.000
4059920.000	0.000	3.000	0.000	200.000	0.000	0.000
4059950.000	0.000	3.010	0.000	200.000	0.000	0.000
4059950.000	0.000	3.010	0.000	200.000	0.000	0.000
4059950.000	0.000	3.010	0.000	200.000	0.000	0.000
4059980.000	0.000	3.020	0.000	200.000	0.000	0.000
4059980.000	0.000	3.020	0.000	200.000	0.000	0.000
4059980.000	0.000	3.020	0.000	200.000	0.000	0.000
4060010.000	0.000	3.020	0.000	200.000	0.000	0.000
4060010.000	0.000	3.020	0.000	200.000	0.000	0.000
4060010.000	0.000	3.020	0.000	200.000	0.000	0.000
4060040.000	0.000	3.030	0.000	200.000	0.000	0.000
4060040.000	0.000	3.030	0.000	200.000	0.000	0.000
4060040.000	0.000	3.030	0.000	200.000	0.000	0.000
4060070.000	0.000	3.040	0.000	200.000	0.000	0.000
4060070.000	0.000	3.040	0.000	200.000	0.000	0.000
4060070.000	0.000	3.040	0.000	200.000	0.000	0.000
4060100.000	0.000	3.040	0.000	200.000	0.000	0.000
4060100.000	0.000	3.040	0.000	200.000	0.000	0.000
4060100.000	0.000	3.040	0.000	200.000	0.000	0.000
4060130.000	0.000	3.050	0.000	200.000	0.000	0.000
4060130.000	0.000	3.050	0.000	200.000	0.000	0.000
4060130.000	0.000	3.050	0.000	200.000	0.000	0.000
4060160.000	0.000	3.060	0.000	200.000	0.000	0.000
4060160.000	0.000	3.060	0.000	200.000	0.000	0.000
4060160.000	0.000	3.060	0.000	200.000	0.000	0.000
4060190.000	0.000	3.060	0.000	200.000	0.000	0.000
4060190.000	0.000	3.060	0.000	200.000	0.000	0.000
4060190.000	0.000	3.060	0.000	200.000	0.000	0.000
4060220.000	0.000	3.070	0.000	200.000	0.000	0.000
4060220.000	0.000	3.070	0.000	200.000	0.000	0.000
4060220.000	0.000	3.070	0.000	200.000	0.000	0.000
4060250.000	0.000	3.080	0.000	200.000	0.000	0.000
4060250.000	0.000	3.080	0.000	200.000	0.000	0.000
4060250.000	0.000	3.080	0.000	200.000	0.000	0.000
4060280.000	0.000	3.080	0.000	200.000	0.000	0.000
4060280.000	0.000	3.080	0.000	200.000	0.000	0.000
4060280.000	0.000	3.080	0.000	200.000	0.000	0.000
4060310.000	0.000	3.090	0.000	200.000	0.000	0.000
4060310.000	0.000	3.090	0.000	200.000	0.000	0.000
4060310.000	0.000	3.090	0.000	200.000	0.000	0.000
4060340.000	0.000	3.100	0.000	200.000	0.000	0.000
4060340.000	0.000	3.100	0.000	200.000	0.000	0.000
4060340.000	0.000	3.100	0.000	200.000	0.000	0.000
4060370.000	0.000	3.100	0.000	200.000	0.000	0.000
4060370.000	0.000	3.100	0.000	200.000	0.000	0.000
4060370.000	0.000	3.100	0.000	200.000	0.000	0.000
4060400.000	0.000	3.110	0.000	200.000	0.000	0.000
4060400.000	0.000	3.110	0.000	200.000	0.000	0.000
4060400.000	0.000	3.110	0.000	200.000	0.000	0.000
4060430.000	0.000	3.110	0.000	200.000	0.000	0.000
4060430.000	0.000	3.110	0.000	200.000	0.000	0.000
4060430.000	0.000	3.110	0.000	200.000	0.000	0.000
4060460.000	0.000	3.120	0.000	200.000	0.000	0.000
4060460.000	0.000	3.120	0.000	200.000	0.000	0.000
4060460.000	0.000	3.120	0.000	200.000	0.000	0.000
4060490.000	0.000	3.120	0.000	200.000	0.000	0.000
4060490.000	0.000	3.120	0.000	200.000	0.000	0.000
4060490.000	0.000	3.120	0.000	200.000	0.000	0.000
4060520.000	0.000	3.130	0.000	200.000	0.000	0.000
4060520.000	0.000	3.130	0.000	200.000	0.000	0.000
4060520.000	0.000	3.130	0.000	200.000	0.000	0.000
4060550.000	0.000	3.130	0.000	200.000	0.000	0.000
4060550.000	0.000	3.130	0.000	200.000	0.000	0.000
4060550.000	0.000	3.130	0.000	200.000	0.000	0.000
4060580.000	0.000	3.140	0.000	200.000	0.000	0.000
4060580.000	0.000	3.140	0.000	200.000	0.000	0.000
4060580.000	0.000	3.140	0.000	200.000	0.000	0.000
4060610.000	0.000	3.140	0.000	200.000	0.000	0.000
4060610.000	0.000	3.140	0.000	200.000	0.000	0.000
4060610.000	0.000	3.140	0.000	200.000	0.000	0.000
4060640.000	0.000	3.140	0.000	200.000	0.000	0.000
4060640.000	0.000	3.140	0.000	200.000	0.000	0.000
4060640.000	0.000	3.140	0.000	200.000	0.000	0.000
4060670.000	0.000	-3.133	0.000	200.000	0.000	0.000
4060670.000	0.000	-3.133	0.000	200.000	0.000	0.000
4060670.000	0.000	-3.133	0.000	200.000	0.000	0.000
4060700.000	0.000	-3.133	0.000	200.000	0.000	0.000
4060700.000	0.000	-3.133	0.000	200.000	0.000	0.000
4060700.000	0.000	-3.133	0.000	200.000	0.000	0.000
4060730.000	0.000	-3.123	0.000	200.000	0.000	0.000
4060730.000	0.000	-3.123	0.000	200.000	0.000	0.000
4060730.000	0.000	-3.123	0.000	200.000	0.000	0.000
4060760.000	0.000	-3.123	0.000	200.000	0.000	0.000
4060760.000	0.000	-3.123	0.000	200.000	0.000	0.000
4060760.000	0.000	-3.123	0.000	200.000	0.000	0.000
4060790.000	0.000	-3.123	0.000	200.000	0.000	0.000
4060790.000	0.000	-3.123	0.000	200.000	0.000	0.000
4060790.000	0.000	-3.123	0.000	200.000	0.000	0.000
4060820.000	0.000	-3.113	0.000	200.000	0.000	0.000
4060820.000	0.000	-3.113	0.000	200.000	0.000	0.000
4060820.000	0.000	-3.113	0.000	200.000	0.000	0.000
4060850.000	0.000	-3.113	0.000	200.000	0.000	0.000
4060850.000	0.000	-3.113	0.000	200.000	0.000	0.000
4060850.000	0.000	-3.113	0.000	200.000	0.000	0.000
4060880.000	0.000	-3.113	0.000	200.000	0.000	0.000
4060880.000	0.000	-3.113	0.000	200.000	0.000	0.000
4060880.000	0.000	-3.113	0.000	200.000	0.000	0.000
4060910.000	0.000	-3.103	0.000	200.000	0.000	0.000
4060910.000	0.000	-3.103	0.000	200.000	0.000	0.000
4060910.000	0.000	-3.103	0.000	200.000	0.000	0.000
4060940.000	0.000	-3.103	0.000	200.000	0.000	0.000
4060940.000	0.000	-3.103	0.000	200.000	0.000	0.000
4060940.000	0.000	-3.103	0.000	200.000	0.000	0.000
4060965.000	0.000	-3.103	0.000	200.000	0.000	0.000
4060965.000	0.000	-3.103	0.000	200.000	0.000	0.000
4060965.000	0.000	-3.103	0.000	200.000	0.000	0.000
4060995.000	0.000	-3.093	0.000	200.000	0.000	0.000
4060995.000	0.000	-3.093	0.000	200.000	0.000	0.000
4060995.000	0.000	-3.093	0.000	200.000	0.000	0.000
4061030.000	0.000	-3.093	0.000	200.000	0.000	0.000
4061030.000	0.000	-3.093	0.000	200.000	0.000	0.000
4061030.000	0.000	-3.093	0.000	200.000	0.000	0.000
4061060.000	0.000	-3.093	0.000	200.000	0.000	0.000
4061060.000	0.000	-3.093	0.000	200.000	0.000	0.000
4061060.000	0.000	-3.093	0.000	200.000	0.000	0.000
4061090.000	0.000	-3.093	0.000	200.000	0.000	0.000
4061090.000	0.000	-3.093	0.000	200.000	0.000	0.000
4061090.000	0.000	-3.093	0.000	200.000	0.000	0.000
4061115.000	0.000	-3.093	0.000	200.000	0.000	0.000
4061115.000	0.000	-3.093	0.000	200.000	0.000	0.000
4061115.000	0.000	-3.093	0.000	200.000	0.000	0.000
4061145.000	0.000	-3.093	0.000	200.000	0.000	0.000
4061145.000	0.000	-3.093	0.000	200.000	0.000	0.000
4061145.000	0.000	-3.093	0.000	200.000	0.000	0.000
4061180.000	0.000	-3.083	0.000	200.000	0.000	0.000
4061180.000	0.000	-3.083	0.000	200.000	0.000	0.000
4061180.000	0.000	-3.083	0.000	200.000	0.000	0.000
4061210.000	0.000	-3.083	0.000	200.000	0.000	0.000
4061210.000	0.000	-3.083	0.000	200.000	0.000	0.000
4061210.000	0.000	-3.083	0.000	200.000	0.000	0.000
4061240.000	0.000	-3.083	0.000	200.000	0.000	0.000
4061240.000	0.000	-3.083	0.000	200.000	0.000	0.000
4061240.000	0.000	-3.083	0.000	200.000	0.000	0.000
4061270.000	0.000	-3.083	0.000	200.000	0.000	0.000
4061270.000	0.000	-3.083	0.000	200.000	0.000	0.000
4061270.000	0.000	-3.083	0.000	200.000	0.000	0.000
4061295.000	0.000	-3.083	0.000	200.000	0.000	0.000
4061295.000	0.000	-3.083	0.000	200.000	0.000	0.000
4061295.000	0.000	-3.083	0.000	200.000	0.000	0.000
4061330.000	0.000	-3.083	0.000	200.000	0.000	0.000
4061330.000	0.000	-3.083	0.000	200.000	0.000	0.000
4061330.000	0.000	-3.083	0.000	200.000	0.000	0.000
4061360.000	0.000	-3.083	0.000	200.000	0.000	0.000
4061360.000	0.000	-3.083	0.000	200.000	0.000	0.000
4061360.000	0.000	-3.083	0.000	200.000	0.000	0.000
4061385.000	0.000	-3.083	0.000	200.000	0.000	0.000
4061385.000	0.000	-3.083	0.000	200.000	0.000	0.000
4061385.000	0.000	-3.083	0.000	200.000	0.000	0.000
4061415.000	0.000	-3.083	0.000	200.000	0.000	0.000
4061415.000	0.000	-3.083	0.000	200.000	0.000	0.000
4061415.000	0.000	-3.083	0.000	200.000	0.000	0.000
4061445.000	0.000	-3.083	0.000	200.000	0.000	0.000
4061445.000	0.000	-3.083	0.000	200.000	0.000	0.000
4061445.000	0.000	-3.083	0.000	200.000	0.000	0.000
4061475.000	0.000	-3.093	0.000	200.000	0.000	0.000
4061475.000	0.000	-3.093	0.000	200.000	0.000	0.000
4061475.000	0.000	-3.093	0.000	200.000	0.000	0.000
4061510.000	0.000	-3.093	0.000	200.000	0.000	0.000
4061510.000	0.000	-3.093	0.000	200.000	0.000	0.000
4061510.000	0.000	-3.093	0.000	200.000	0.000	0.000
4061535.000	0.000	-3.093	0.000	200.000	0.000	0.000
4061535.000	0.000	-3.093	0.000	200.000	0.000	0.000
4061535.000	0.000	-3.093	0.000	200.000	0.000	0.000
4061565.000	0.000	-3.093	0.000	200.000	0.000	0.000
4061565.000	0.000	-3.093	0.000	200.000	0.000	0.000
4061565.000	0.000	-3.093	0.000	200.000	0.000	0.000
4061595.000	0.000	-3.093	0.000	200.000	0.000	0.000
4061595.000	0.000	-3.093	0.000	200.000	0.000	0.000
4061595.000	0.000	-3.093	0.000	200.000	0.000	0.000
4061625.000	0.000	-3.093	0.000	200.000	0.000	0.000
4061625.000	0.000	-3.093	0.000	200.000	0.000	0.000
4061625.000	0.000	-3.093	0.000	200.000	0.000	0.000
4061655.000	0.000	-3.093	0.000	200.000	0.000	0.000
4061655.000	0.000	-3.093	0.000	200.000	0.000	0.000
4061655.000	0.000	-3.093	0.000	200.000	0.000	0.000
4061685.000	0.000	-3.103	0.000	200.000	0.000	0.000
4061685.000	0.000	-3.103	0.000	200.000	0.000	0.000
4061685.000	0.000	-3.103	0.000	200.000	0.000	0.000
4061720.000	0.000	-3.103	0.000	200.000	0.000	0.000
4061720.000	0.000	-3.103	0.000	200.000	0.000	0.000
4061720.000	0.000	-3.103	0.000	200.000	0.000	0.000
4061750.000	0.000	-3.103	0.000	200.000	0.000	0.000
4061750.000	0.000	-3.103	0.000	200.000	0.000	0.000
4061750.000	0.000	-3.103	0.000	200.000	0.000	0.000
4061775.000	0.000	-3.103	0.000	200.000	0.000	0.000
4061775.000	0.000	-3.103	0.000	200.000	0.000	0.000
4061775.000	0.000	-3.103	0.000	200.000	0.000	0.000
4061805.000	0.000	-3.103	0.000	200.000	0.000	0.000
4061805.000	0.000	-3.103	0.000	200.000	0.000	0.000
4061805.000	0.000	-3.103	0.000	200.000	0.000	0.000
4061840.000	0.000	-3.103	0.000	200.000	0.000	0.000
4061840.000	0.000	-3.103	0.000	200.000	0.000	0.000
4061840.000	0.000	-3.103	0.000	200.000	0.000	0.000
4061870.000	0.000	-3.103	0.000	200.000	0.000	0.000
4061870.000	0.000	-3.103	0.000	200.000	0.000	0.000
4061870.000	0.000	-3.103	0.000	200.000	0.000	0.000
4061895.000	0.000	-3.103	0.000	200.000	0.000	0.000
4061895.000	0.000	-3.103	0.000	200.000	0.000	0.000
4061895.000	0.000	-3.103	0.000	200.000	0.000	0.000
4061925.000	0.000	-3.113	0.000	200.000	0.000	0.000
4061925.000	0.000	-3.113	0.000	200.000	0.000	0.000
4061925.000	0.000	-3.113	0.000	200.000	0.000	0.000
4061955.000	0.000	-3.113	0.000	200.000	0.000	0.000
4061955.000	0.000	-3.113	0.000	200.000	0.000	0.000
4061955.000	0.000	-3.113	0.000	200.000	0.000	0.000
4061985.000	0.000	-3.113	0.000	200.000	0.000	0.000
4061985.000	0.000	-3.113	0.000	200.000	0.000	0.000
4061985.000	0.000	-3.113	0.000	200.000	0.000	0.000
4062015.000	0.000	-3.113	0.000	200.000	0.000	0.000
4062015.000	0.000	-3.113	0.000	200.000	0.000	0.000
4062015.000	0.000	-3.113	0.000	200.000	0.000	0.000
4062045.000	0.000	-3.113	0.000	200.000	0.000	0.000
4062045.000	0.000	-3.113	0.000	200.000	0.000	0.000
4062045.000	0.000	-3.113	0.000	200.000	0.000	0.000
4062075.000	0.000	-3.113	0.000	200.000	0.000	0.000
4062075.000	0.000	-3.113	0.000	200.000	0.000	0.000
4062075.000	0.000	-3.113	0.000	200.000	0.000	0.000
4062105.000	0.000	-3.113	0.000	200.000	0.000	0.000
4062105.000	0.000	-3.113	0.000	200.000	0.000	0.000
4062105.000	0.000	-3.113	0.000	200.000	0.000	0.000
4062135.000	0.000	-3.113	0.000	200.000	0.000	0.000
4062135.000	0.000	-3.113	0.000	200.000	0.000	0.000
4062135.000	0.000	-3.113	0.000	200.000	0.000	0.000
4062165.000	0.000	-3.113	0.000	200.000	0.000	0.000
4062165.000	0.000	-3.113	0.000	200.000	0.000	0.000
4062165.000	0.000	-3.113	0.000	200.000	0.000	0.000
4062195.000	0.000	-3.113	0.000	200.000	0.000	0.000
4062195.000	0.000	-3.113	0.000	200.000	0.000	0.000
4062195.000	0.000	-3.113	0.000	200.000	0.000	0.000
4062225.000	0.000	-3.103	0.000	200.000	0.000	0.000
4062225.000	0.000	-3.103	0.000	200.000	0.000	0.000
4062225.000	0.000	-3.103	0.000	200.000	0.000	0.000
4062255.000	0.000	-3.103	0.000	200.000	0.000	0.000
4062255.000	0.000	-3.103	0.000	200.000	0.000	0.000
4062255.000	0.000	-3.103	0.000	200.000	0.000	0.000
4062285.000	0.000	-3.103	0.000	200.000	0.000	0.000
4062285.000	0.000	-3.103	0.000	200.000	0.000	0.000
4062285.000	0.000	-3.103	0.000	200.000	0.000	0.000
4062320.000	0.000	-3.103	0.000	200.000	0.000	0.000
4062320.000	0.000	-3.103	0.000	200.000	0.000	0.000
4062320.000	0.000	-3.103	0.000	200.000	0.000	0.000
4062345.000	0.000	-3.103	0.000	200.000	0.000	0.000
4062345.000	0.000	-3.103	0.000	200.000	0.000	0.000
4062345.000	0.000	-3.103	0.000	200.000	0.000	0.000
4062375.000	0.000	-3.103	0.000	200.000	0.000	0.000
4062375.000	0.000	-3.103	0.000	200.000	0.000	0.000
4062375.000	0.000	-3.103	0.000	200.000	0.000	0.000
4062405.000	0.000	-3.103	0.000	200.000	0.000	0.000
4062405.000	0.000	-3.103	0.000	200.000	0.000	0.000
4062405.000	0.000	-3.103	0.000	200.000	0.000	0.000
4062435.000	0.000	-3.103	0.000	200.000	0.000	0.000
4062435.000	0.000	-3.103	0.000	200.000	0.000	0.000
4062435.000	0.000	-3.103	0.000	200.000	0.000	0.000
4062465.000	0.000	-3.103	0.000	200.000	0.000	0.000
4062465.000	0.000	-3.103	0.000	200.000	0.000	0.000
4062465.000	0.000	-3.103	0.000	200.000	0.000	0.000
4062495.000	0.000	-3.103	0.000	200.000	0.000	0.000
4062495.000	0.000	-3.103	0.000	200.000	0.000	0.000
4062495.000	0.000	-3.103	0.000	200.000	0.000	0.000
4062525.000	0.000	-3.103	0.000	200.000	0.000	0.000
4062525.000	0.000	-3.103	0.000	200.000	0.000	0.000
4062525.000	0.000	-3.103	0.000	200.000	0.000	0.000
4062555.000	0.000	-3.103	0.000	200.000	0.000	0.000
4062555.000	0.000	-3.103	0.000	200.000	0.000	0.000
4062555.000	0.000	-3.103	0.000	200.000	0.000	0.000
4062585.000	0.000	-3.103	0.000	200.000	0.000	0.000
4062585.000	0.000	-3.103	0.000	200.000	0.000	0.000
4062585.000	0.000	-3.103	0.000	200.000	0.000	0.000
4062615.000	0.000	-3.103	0.000	200.000	0.000	0.000
4062615.000	0.000	-3.103	0.000	200.000	0.000	0.000
4062615.000	0.000	-3.103	0.000	200.000	0.000	0.000
4062645.000	0.000	-3.103	0.000	200.000	0.000	0.000
4062645.000	0.000	-3.103	0.000	200.000	0.000	0.000
4062645.000	0.000	-3.103	0.000	200.000	0.000	0.000
4062680.000	0.000	-3.103	0.000	200.000	0.000	0.000
4062680.000	0.000	-3.103	0.000	200.000	0.000	0.000
4062680.000	0.000	-3.103	0.000	200.000	0.000	0.000
4062705.000	0.000	-3.103	0.000	200.000	0.000	0.000
4062705.000	0.000	-3.103	0.000	200.000	0.000	0.000
4062705.000	0.000	-3.103	0.000	200.000	0.000	0.000
4062735.000	0.000	-3.103	0.000	200.000	0.000	0.000
4062735.000	0.000	-3.103	0.000	200.000	0.000	0.000
4062735.000	0.000	-3.103	0.000	200.000	0.000	0.000
4062765.000	0.000	-3.103	0.000	200.000	0.000	0.000
4062765.000	0.000	-3.103	0.000	200.000	0.000	0.000
4062765.000	0.000	-3.103	0.000	200.000	0.000	0.000
4062795.000	0.000	-3.103	0.000	200.000	0.000	0.000
4062795.000	0.000	-3.103	0.000	200.000	0.000	0.000
4062795.000	0.000	-3.103	0.000	200.000	0.000	0.000
4062825.000	0.000	-3.103	0.000	200.000	0.000	0.000
4062825.000	0.000	-3.103	0.000	200.000	0.000	0.000
4062825.000	0.000	-3.103	0.000	200.000	0.000	0.000
4062855.000	0.000	-3.103	0.000	200.000	0.000	0.000
4062855.000	0.000	-3.103	0.000	200.000	0.000	0.000
4062855.000	0.000	-3.103	0.000	200.000	0.000	0.000
4062885.000	0.000	-3.103	0.000	200.000	0.000	0.000
4062885.000	0.000	-3.103	0.000	200.000	0.000	0.000
4062885.000	0.000	-3.103	0.000	200.000	0.000	0.000
4062915.000	0.000	-3.103	0.000	200.000	0.000	0.000
4062915.000	0.000	-3.103	0.000	200.000	0.000	0.000
4062915.000	0.000	-3.103	0.000	200.000	0.000	0.000
4062945.000	0.000	-3.103	0.000	200.000	0.000	0.000
4062945.000	0.000	-3.103	0.000	200.000	0.000	0.000
4062945.000	0.000	-3.103	0.000	200.000	0.000	0.000
4062975.000	0.000	-3.103	0.000	200.000	0.000	0.000
4062975.000	0.000	-3.103	0.000	200.000	0.000	0.000
4062975.000	0.000	-3.103	0.000	200.000	0.000	0.000
4063005.000	0.000	-3.103	0.000	200.000	0.000	0.000
4063005.000	0.000	-3.103	0.000	200.000	0.000	0.000
4063005.000	0.000	-3.103	0.000	200.000	0.000	0.000
4063035.000	0.000	-3.103	0.000	200.000	0.000	0.000
4063035.000	0.000	-3.103	0.000	200.000	0.000	0.000
4063035.000	0.000	-3.103	0.000	200.000	0.000	0.000
4063065.000	0.000	-3.103	0.000	200.000	0.000	0.000
4063065.000	0.000	-3.103	0.000	200.000	0.000	0.000
4063065.000	0.000	-3.103	0.000	200.000	0.000	0.000
4063095.000	0.000	-3.103	0.000	200.000	0.000	0.000
4063095.000	0.000	-3.103	0.000	200.000	0.000	0.000
4063095.000	0.000	-3.103	0.000	200.000	0.000	0.000
4063125.000	0.000	-3.103	0.000	200.000	0.000	0.000
4063125.000	0.000	-3.103	0.000	200.000	0.000	0.000
4063125.000	0.000	-3.103	0.000	200.000	0.000	0.000
4063155.000	0.000	-3.103	0.000	200.000	0.000	0.000
4063155.000	0.000	-3.103	0.000	200.000	0.000	0.000
4063155.000	0.000	-3.103	0.000	200.000	0.000	0.000
4063185.000	0.000	-3.103	0.000	200.000	0.000	0.000
4063185.000	0.000	-3.103	0.000	200.000	0.000	0.000
4063185.000	0.000	-3.103	0.000	200.000	0.000	0.000
4063215.000	0.000	-3.103	0.000	200.000	0.000	0.000
4063215.000	0.000	-3.103	0.000	200.000	0.000	0.000
4063215.000	0.000	-3.103	0.000	200.000	0.000	0.000
4063245.000	0.000	-3.103	0.000	200.000	0.000	0.000
4063245.000	0.000	-3.103	0.000	200.000	0.000	0.000
4063245.000	0.000	-3.103	0.000	200.000	0.000	0.000
4063275.000	0.000	-3.103	0.000	200.000	0.000	0.000
4063275.000	0.000	-3.103	0.000	200.000	0.000	0.000
4063275.000	0.000	-3.103	0.000	200.000	0.000	0.000
4063305.000	0.000	-3.103	0.000	200.000	0.000	0.000
4063305.000	0.000	-3.103	0.000	200.000	0.000	0.000
4063305.000	0.000	-3.103	0.000	200.000	0.000	0.000
4063335.000	0.000	-3.103	0.000	200.000	0.000	0.000
4063335.000	0.000	-3.103	0.000	200.000	0.000	0.000
4063335.000	0.000	-3.103	0.000	200.000	0.000	0.000
4063365.000	0.000	-3.103	0.000	200.000	0.000	0.000
4063365.000	0.000	-3.103	0.000	200.000	0.000	0.000
4063365.000	0.000	-3.103	0.000	200.000	0.000	0.000
4063395.000	0.000	-3.103	0.000	200.000	0.000	0.000
4063395.000	0.000	-3.103	0.000	200.000	0.000	0.000
4063395.000	0.000	-3.103	0.000	200.000	0.000	0.000
4063425.000	0.000	-3.103	0.000	200.000	0.000	0.000
4063425.000	0.000	-3.103	0.000	200.000	0.000	0.000
4063425.000	0.000	-3.103	0.000	200.000	0.000	0.000
4063455.000	0.000	-3.103	0.000	200.000	0.000	0.000
4063455.000	0.000	-3.103	0.000	200.000	0.000	0.000
4063455.000	0.000	-3.103	0.000	200.000	0.000	0.000
4063485.000	0.000	-3.103	0.000	200.000	0.000	0.000
4063485.000	0.000	-3.103	0.000	200.000	0.000	0.000
4063485.000	0.000	-3.103	0.000	200.000	0.000	0.000
4063515.000	0.000	-3.103	0.000	200.000	0.000	0.000
4063515.000	0.000	-3.103	0.000	200.000	0.000	0.000
4063515.000	0.000	-3.103	0.000	200.000	0.000	0.000
4063545.000	0.000	-3.103	0.000	200.000	0.000	0.000
4063545.000	0.000	-3.103	0.000	200.000	0.000	0.000
4063545.000	0.000	-3.103	0.000	200.000	0.000	0.000
4063575.000	0.000	-3.103	0.000	200.000	0.000	0.000
4063575.000	0.000	-3.103	0.000	200.000	0.000	0.000
4063575.000	0.000	-3.103	0.000	200.000	0.000	0.000
4063605.000	0.000	-3.103	0.000	200.000	0.000	0.000
4063605.000	0.000	-3.103	0.000	200.000	0.000	0.000
4063605.000	0.000	-3.103	0.000	200.000	0.000	0.000
4063635.000	0.000	-3.103	0.000	200.000	0.000	0.000
4063635.000	0.000	-3.103	0.000	200.000	0.000	0.000
4063635.000	0.000	-3.103	0.000	200.000	0.000	0.000
4063665.000	0.000	-3.103	0.000	200.000	0.000	0.000
4063665.000	0.000	-3.103	0.000	200.000	0.000	0.000
4063665.000	0.000	-3.103	0.000	200.000	0.000	0.000
4063695.000	0.000	-3.103	0.000	200.000	0.000	0.000
4063695.000	0.000	-3.103	0.000	200.000	0.000	0.000
4063695.000	0.000	-3.103	0.000	200.000	0.000	0.000
4063725.000	0.000	-3.103	0.000	200.000	0.000	0.000
4063725.000	0.000	-3.103	0.000	200.000	0.000	0.000
4063725.000	0.000	-3.103	0.000	200.000	0.000	0.000
4063755.000	0.000	-3.103	0.000	200.000	0.000	0.000
4063755.000	0.000	-3.103	0.000	200.000	0.000	0.000
4063755.000	0.000	-3.103	0.000	200.000	0.000	0.000
4063785.000	0.000	-3.103	0.000	200.000	0.000	0.000
4063785.000	0.000	-3.103	0.000	200.000	0.000	0.000
4063785.000	0.000	-3.103	0.000	200.000	0.000	0.000
4063815.000	0.000	-3.103	0.000	200.000	0.000	0.000
4063815.000	0.000	-3.103	0.000	200.000	0.000	0.000
4063815.000	0.000	-3.103	0.000	200.000	0.000	0.000
4063845.000	0.000	-3.103	0.000	200.000	0.000	0.000
4063845.000	0.000	-3.103	0.000	200.000	0.000	0.000
4063845.000	0.000	-3.103	0.000	200.000	0.000	0.000
4063875.000	0.000	-3.103	0.000	200.000	0.000	0.000
4063875.000	0.000	-3.103	0.000	200.000	0.000	0.000
4063875.000	0.000	-3.103	0.000	200.000	0.000	0.000
4063905.000	0.000	-3.103	0.000	200.000	0.000	0.000
4063905.000	0.000	-3.103	0.000	200.000	0.000	0.000
4063905.000	0.000	-3.103	0.000	200.000	0.000	0.000
4063935.000	0.000	-3.103	0.000	200.000	0.000	0.000
4063935.000	0.000	-3.103	0.000	200.000	0.000	0.000
4063935.000	0.000	-3.103	0.000	200.000	0.000	0.000
4063965.000	0.000	-3.103	0.000	200.000	0.000	0.000
4063965.000	0.000	-3.103	0.000	200.000	0.000	0.000
4063965.000	0.000	-3.103	0.000	200.000	0.000	0.000
4063995.000	0.000	-3.103	0.000	200.000	0.000	0.000
4063995.000	0.000	-3.103	0.000	200.000	0.000	0.000
4063995.000	0.000	-3.103	0.000	200.000	0.000	0.000
4064025.000	0.000	-3.103	0.000	200.000	0.000	0.000
4064025.000	0.000	-3.103	0.000	200.000	0.000	0.000
4064025.000	0.000	-3.103	0.000	200.000	0.000	0.000
4064055.000	0.000	-3.103	0.000	200.000	0.000	0.000
4064055.000	0.000	-3.103	0.000	200.000	0.000	0.000
4064055.000	0.000	-3.103	0.000	200.000	0.000	0.000
4064085.000	0.000	-3.103	0.000	200.000	0.000	0.000
4064085.000	0.000	-3.103	0.000	200.000	0.000	0.000
4064085.000	0.000	-3.103	0.000	200.000	0.000	0.000
4064115.000	0.000	-3.103	0.000	200.000	0.000	0.000
4064115.000	0.000	-3.103	0.000	200.000	0.000	0.000
4064115.000	0.000	-3.103	0.000	200.000	0.000	0.000
4064145.000	0.000	-3.103	0.000	200.000	0.000	0.000
4064145.000	0.000	-3.103	0.000	200.000	0.000	0.000
4064145.000	0.000	-3.103	0.000	200.000	0.000	0.000
4064175.000	0.000	-3.103	0.000	200.000	0.000	0.000
4064175.000	0.000	-3.103	0.000	200.000	0.000	0.000
4064175.000	0.000	-3.103	0.000	200.000	0.000	0.000
4064205.000	0.000	-3.103	0.000	200.000	0.000	0.000
4064205.000	0.000	-3.103	0.000	200.000	0.000	0.000
4064205.000	0.000	-3.103	0.000	200.000	0.000	0.000
4064235.000	0.000	-3.103	0.000	200.000	0.000	0.000
4064235.000	0.000	-3.103	0.000	200.000	0.000	0.000
4064235.000	0.000	-3.103	0.000	200.000	0.000	0.000
4064265.000	0.000	-3.103	0.000	200.000	0.000	0.000
4064265.000	0.000	-3.103	0.000	200.000	0.000	0.000
4064265.000	0.000	-3.103	0.000	200.000	0.000	0.000
4064295.000	0.000	-3.103	0.000	200.000	0.000	0.000
4064295.000	0.000	-3.103	0.000	200.000	0.000	0.000
4064295.000	0.000	-3.103	0.000	200.000	0.000	0.000
4064325.000	0.000	-3.103	0.000	200.000	0.000	0.000
4064325.000	0.000	-3.103	0.000	200.000	0.000	0.000
4064325.000	0.000	-3.103	0.000	200.000	0.000	0.000
4064355.000	0.000	-3.103	0.000	200.000	0.000	0.000
4064355.000	0.000	-3.103	0.000	200.000	0.000	0.000
4064355.000	0.000	-3.103	0.000	200.000	0.000	0.000
4064385.000	0.000	-3.103	0.000	200.000	0.000	0.000
4064385.000	0.000	-3.103	0.000	200.000	0.000	0.000
4064385.000	0.000	-3.103	0.000	200.000	0.000	0.000
4064415.000	0.000	-3.103	0.000	200.000	0.000	0.000
4064415.000	0.000	-3.103	0.000	200.000	0.000	0.000
4064415.000	0.000	-3.103	0.000	200.000	0.000	0.000
4064445.000	0.000	-3.103	0.000	200.000	0.000	0.000
4064445.000	0.000	-3.103	0.000	200.000	0.000	0.000
4064445.000	0.000	-3.103	0.000	200.000	0.000	0.000
4064475.000	0.000	-3.103	0.000	200.000	0.000	0.000
4064475.000	0.000	-3.103	0.000	200.000	0.000	0.000
4064475.000	0.000	-3.103	0.000	200.000	0.000	0.000
4064505.000	0.000	-3.103	0.000	200.000	0.000	0.000
4064505.000	0.000	-3.103	0.000	200.000	0.000	0.000
4064505.000	0.000	-3.103	0.000	200.000	0.000	0.000
4064535.000	0.000	-3.103	0.000	200.000	0.000	0.000
4064535.000	0.000	-3.103	0.000	200.000	0.000	0.000
4064535.000	0.000	-3.103	0.000	200.000	0.000	0.000
4064565.000	0.000	-3.103	0.000	200.000	0.000	0.000
4064565.000	0.000	-3.103	0.000	200.000	0.000	0.000
4064565.000	0.000	-3.103	0.000	200.000	0.000	0.000
4064595.000	0.000	-3.103	0.000	200.000	0.000	0.000
4064595.000	0.000	-3.103	0.000	200.000	0.000	0.000
4064595.000	0.000	-3.103	0.000	200.000	0.000	0.000
4064625.000	0.000	-3.103	0.000	200.000	0.000	0.000
4064625.000	0.000	-3.103	0.000	200.000	0.000	0.000
4064625.000	0.000	-3.103	0.000	200.000	0.000	0.000
4064655.000	0.000	-3.103	0.000	200.000	0.000	0.000
4064655.000	0.000	-3.103	0.000	200.000	0.000	0.000
4064655.000	0.000	-3.103	0.000	200.000	0.000	0.000
4064685.000	0.000	-3.103	0.000	200.000	0.000	0.000
4064685.000	0.000	-3.103	0.000	200.000	0.000	0.000
4064685.000	0.000	-3.103	0.000	200.000	0.000	0.000
4064715.000	0.000	-3.103	0.000	200.000	0.000	0.000
4064715.000	0.000	-3.103	0.000	200.000	0.000	0.000
4064715.000	0.000	-3.103	0.000	200.000	0.000	0.000
4064745.000	0.000	-3.103	0.000	200.000	0.000	0.000
4064745.000	0.000	-3.103	0.000	200.000	0.000	0.000
4064745.000	0.000	-3.103	0.000	200.000	0.000	0.000
4064775.000	0.000	-3.103	0.000	200.000	0.000	0.000
4064775.000	0.000	-3.103	0.000	200.000	0.000	0.000
4064775.000	0.000	-3.103	0.000	200.000	0.000	0.000
4064805.000	0.000	-3.103	0.000	200.000	0.000	0.000
4064805.000	0.000	-3.103	0.000	200.000	0.000	0.000
4064805.000	0.000	-3.103	0.000	200.000	0.000	0.000
4064835.000	0.000	-3.103	0.000	200.000	0.000	0.000
4064835.000	0.000	-3.103	0.000	200.000	0.000	0.000
4064835.000	0.000	-3.103	0.000	200.000	0.000	0.000
4064865.000	0.000	-3.103	0.000	200.000	0.000	0.000
4064865.000	0.000	-3.103	0.000	200.000	0.000	0.000
4064865.000	0.000	-3.103	0.000	200.000	0.000	0.000
4064895.000	0.000	-3.103	0.000	200.000	0.000	0.000
4064895.000	0.000	-3.103	0.000	200.000	0.000	0.000
4064895.000	0.000	-3.103	0.000	200.000	0.000	0.000
4064925.000	0.000	-3.103	0.000	200.000	0.000	0.000
4064925.000	0.000	-3.103	0.000	200.000	0.000	0.000
4064925.000	0.000	-3.103	0.000	200.000	0.000	0.000
4064955.000	0.000	-3.103	0.000	200.000	0.000	0.000
4064955.000	0.000	-3.103	0.000	200.000	0.000	0.000
4064955.000	0.000	-3.103	0.000	200.000	0.000	0.000
4064985.000	0.000	-3.103	0.000	200.000	0.000	0.000
4064985.000	0.000	-3.103	0.000	200.000	0.000	0.000
4064985.000	0.000	-3.103	0.000	200.000	0.000	0.000
4065015.000	0.000	-3.103	0.000	200.000	0.000	0.000
4065015.000	0.000	-3.103	0.000	200.000	0.000	0.000
4065015.000	0.000	-3.103	0.000	200.000	0.000	0.000
4065045.000	0.000	-3.103	0.000	200.000	0.000	0.000
4065045.000	0.000	-3.103	0.000	200.000	0.000	0.000
4065045.000	0.000	-3.103	0.000	200.000	0.000	0.000
4065075.000	0.000	-3.103	0.000	200.000	0.000	0.000
4065075.000	0.000	-3.103	0.000	200.000	0.000	0.000
4065075.000	0.000	-3.103	0.000	200.000	0.000	0.000
4065105.000	0.000	-3.103	0.000	200.000	0.000	0.000
4065105.000	0.000	-3.103	0.000	200.000	0.000	0.000
4065105.000	0.000	-3.103	0.000	200.000	0.000	0.000
4065135.000	0.000	-3.103	0.000	200.000	0.000	0.000
4065135.000	0.000	-3.103	0.000	200.000	0.000	0.000
4065135.000	0.000	-3.103	0.000	200.000	0.000	0.000
4065165.000	0.000	-3.103	0.000	200.000	0.000	0.000
4065165.000	0.000	-3.103	0.000	200.000	0.000	0.000
4065165.000	0.000	-3.103	0.000	200.000	0.000	0.000
4065195.000	0.000	-3.103	0.000	200.000	0.000	0.000
4065195.000	0.000	-3.103	0.000	200.000	0.000	0.000
4065195.000	0.000	-3.103	0.000	200.000	0.000	0.000
4065225.000	0.000	-3.103	0.000	200.000	0.000	0.000
4065225.000	0.000	-3.103	0.000	200.000	0.000	0.000
4065225.000	0.000	-3.103	0.000	200.000	0.000	0.000
4065255.000	0.000	-3.103	0.000	200.000	0.000	0.000
4065255.000	0.000	-3.103	0.000	200.000	0.000	0.000
4065255.000	0.000	-3.103	0.000	200.000	0.000	0.000
4065285.000	0.000	-3.103	0.000	200.000	0.000	0.000
4065285.000	0.000	-3.103	0.000	200.000	0.000	0.000
4065285.000	0.000	-3.103	0.000	200.000	0.000	0.000
4065315.000	0.000	-3.103	0.000	200.000	0.000	0.000
4065315.000	0.000	-3.103	0.000	200.000	0.000	0.000
4065315.000	0.000	-3.103	0.000	200.000	0.000	0.000
4065345.000	0.000	-3.103	0.000	200.000	0.000	0.000
4065345.000	0.000	-3.103	0.000	200.000	0.000	0.000
4065345.000	0.000	-3.103	0.000	200.000	0.000	0.000
4065375.000	0.000	-3.103	0.000	200.000	0.000	0.000
4065375.000	0.000	-3.103	0.000	200.000	0.000	0.000
4065375.000	0.000	-3.103	0.000	200.000	0.000	0.000
4065405.000	0.000	-3.103	0.000	200.000	0.000	0.000
4065405.000	0.000	-3.103	0.000	200.000	0.000	0.000
4065405.000	0.000	-3.103	0.000	200.000	0.000	0.000
4065435.000	0.000	-3.103	0.000	200.000	0.000	0.000
4065435.000	0.000	-3.103	0.000	200.000	0.000	0.000
4065435.000	0.000	-3.103	0.000	200.000	0.000	0.000
4065465.000	0.000	-3.103	0.000	200.000	0.000	0.000
4065465.000	0.000	-3.103	0.000	200.000	0.000	0.000
4065465.000	0.000	-3.103	0.000	200.000	0.000	0.000
4065495.000	0.000	-3.103	0.000	200.000	0.000	0.000
4065495.000	0.000	-3.103	0.000	200.000	0.000	0.000
4065495.000	0.000	-3.103	0.000	200.000	0.000	0.000
4065525.000	0.000	-3.103	0.000	200.000	0.000	0.000
4065525.000	0.000	-3.103	0.000	200.000	0.000	0.000
4065525.000	0.000	-3.103	0.000	200.000	0.000	0.000
4065555.000	0.000	-3.103	0.000	200.000	0.000	0.000
4065555.000	0.000	-3.103	0.000	200.000	0.000	0.000
4065555.000	0.000	-3.103	0.000	200.000	0.000	0.000
4065585.000	0.000	-3.103	0.000	200.000	0.000	0.000
4065585.000	0.000	-3.103	0.000	200.000	0.000	0.000
4065585.000	0.000	-3.103	0.000	200.000	0.000	0.000
4065615.000	0.000	-3.103	0.000	200.000	0.000	0.000
4065615.000	0.000	-3.103	0.000	200.000	0.000	0.000
4065615.000	0.000	-3.103	0.000	200.000	0.000	0.000
4065645.000	0.000	-3.103	0.000	200.000	0.000	0.000
4065645.000	0.000	-3.103	0.000	200.000	0.000	0.000
4065645.000	0.000	-3.103	0.000	200.000	0.000	0.000
4065675.000	0.000	-3.103	0.000	200.000	0.000	0.000
4065675.000	0.000	-3.103	0.000	200.000	0.000	0.000
4065675.000	0.000	-3.103	0.000	200.000	0.000	0.000
4065705.000	0.000	-3.103	0.000	200.000	0.000	0.000
4065705.000	0.000	-3.103	0.000	200.000	0.000	0.000
4065705.000	0.000	-3.103	0.000	200.000	0.000	0.000
4065735.000	0.000	-3.103	0.000	200.000	0.000	0.000
4065735.000	0.000	-3.103	0.000	200.000	0.000	0.000
4065735.000	0.000	-3.103	0.000	200.000	0.000	0.000
4065765.000	0.000	-3.103	0.000	200.000	0.000	0.000
4065765.000	0.000	-3.103	0.000	200.000	0.000	0.000
4065765.000	0.000	-3.103	0.000	200.000	0.000	0.000
4065795.000	0.000	-3.103	0.000	200.000	0.000	0.000
4065795.000	0.000	-3.103	0.000	200.000	0.000	0.000
4065795.000	0.000	-3.103	0.000	200.000	0.000	0.000
4065825.000	0.000	-3.103	0.000	200.000	0.000	0.000
4065825.000	0.000	-3.103	0.000	200.000	0.000	0.000
4065825.000	0.000	-3.103	0.000	200.000	0.000	0.000
4065855.000	0.000	-3.103	0.000	200.000	0.000	0.000
4065855.000	0.000	-3.103	0.000	200.000	0.000	0.000
4065855.000	0.000	-3.103	0.000	200.000	0.000	0.000
4065885.000	0.000	-3.103	0.000	200.000	0.000	0.000
4065885.000	0.000	-3.103	0.000	200.000	0.000	0.000
4065885.000	0.000	-3.103	0.000	200.000	0.000	0.000
4065915.000	0.000	-3.103	0.000	200.000	0.000	0.000
4065915.000	0.000	-3.103	0.000	200.000	0.000	0.000
4065915.000	0.000	-3.103	0.000	200.000	0.000	0.000
4065945.000	0.000	-3.103	0.000	200.000	0.000	0.000
4065945.000	0.000	-3.103	0.000	200.000	0.000	0.000
4065945.000	0.000	-3.103	0.000	200.000	0.000	0.000
4065975.000	0.000	-3.103	0.000	200.000	0.000	0.000
4065975.000	0.000	-3.103	0.000	200.000	0.000	0.000
4065975.000	0.000	-3.103	0.000	200.000	0.000	0.000
4066005.000	0.000	-3.103	0.000	200.000	0.000	0.000
4066005.000	0.000	-3.103	0.000	200.000	0.000	0.000
4066005.000	0.000	-3.103	0.000	200.000	0.000	0.000
4066035.000	0.000	-3.103	0.000	200.000	0.000	0.000
4066035.000	0.000	-3.103	0.000	200.000	0.000	0.000
4066035.000	0.000	-3.103	0.000	200.000	0.000	0.000
4066065.000	0.000	-3.103	0.000	200.000	0.000	0.000
4066065.000	0.000	-3.103	0.000	200.000	0.000	0.000
4066065.000	0.000	-3.103	0.000	200.000	0.000	0.000
4066095.000	0.000	-3.103	0.000	200.000	0.000	0.000
4066095.000	0.000	-3.103	0.000	200.000	0.000	0.000
4066095.000	0.000	-3.103	0.000	200.000	0.000	0.000
4066125.000	0.000	-3.103	0.000	200.000	0.000	0.000
4066125.000	0.000	-3.103	0.000	200.000	0.000	0.000
4066125.000	0.000	-3.103	0.000	200.000	0.000	0.000
4066155.000	0.000	-3.103	0.000	200.000	0.000	0.000
4066155.000	0.000	-3.103	0.000	200.000	0.000	0.000
4066155.000	0.000	-3.103	0.000	200.000	0.000	0.000
4066185.000	0.000	-3.103	0.000	200.000	0.000	0.000
4066185.000	0.000	-3.103	0.000	200.000	0.000	0.000
4066185.000	0.000	-3.103	0.000	200.000	0.000	0.000
4066215.000	0.000	-3.103	0.000	200.000	0.000	0.000
4066215.000	0.000	-3.103	0.000	200.000	0.000	0.000
4066215.000	0.000	-3.103	0.000	200.000	0.000	0.000
4066245.000	0.000	-3.103	0.000	200.000	0.000	0.000
4066245.000	0.000	-3.103	0.000	200.000	0.000	0.000
4066245.000	0.000	-3.103	0.000	200.000	0.000	0.000
4066275.000	0.000	-3.103	0.000	200.000	0.000	0.000
4066275.000	0.000	-3.103	0.000	200.000	0.000	0.000
4066275.000	0.000	-3.103	0.000	200.000	0.000	0.000
4066305.000	0.000	-3.103	0.000	200.000	0.000	0.000
4066305.000	0.000	-3.103	0.000	200.000	0.000	0.000
4066305.000	0.000	-3.103	0.000	200.000	0.000	0.000
4066335.000	0.000	-3.103	0.000	200.000	0.000	0.000
4066335.000	0.000	-3.103	0.000	200.000	0.000	0.000
4066335.000	0.000	-3.103	0.000	200.000	0.000	0.000
4066365.000	0.000	-3.103	0.000	200.000	0.000	0.000
4066365.000	0.000	-3.103	0.000	200.000	0.000	0.000
4066365.000	0.000	-3.103	0.000	200.000	0.000	0.000
4066395.000	0.000	-3.103	0.000	200.000	0.000	0.000
4066395.000	0.000	-3.103	0.000	200.000	0.000	0.000
4066395.000	0.000	-3.103	0.000	200.000	0.000	0.000
4066425.000	0.000	-3.103	0.000	200.000	0.000	0.000
4066425.000	0.000	-3.103	0.000	200.000	0.000	0.000
4066425.000	0.000	-3.103	0.000	200.000	0.000	0.000
4066455.000	0.000	-3.103	0.000	200.000	0.000	0.000
4066455.000	0.000	-3.103	0.000	200.000	0.000	0.000
4066455.000	0.000	-3.103	0.000	200.000	0.000	0.000
4066485.000	0.000	-3.103	0.000	200.000	0.000	0.000
4066485.000	0.000	-3.103	0.000	200.000	0.000	0.000
4066485.000	0.000	-3.103	0.000	200.000	0.000	0.000
4066515.000	0.000	-3.103	0.000	200.000	0.000	0.000
4066515.000	0.000	-3.103	0.000	200.000	0.000	0.000
4066515.000	0.000	-3.103	0.000	200.000	0.000	0.000
4066545.000	0.000	-3.103	0.000	200.000	0.000	0.000
4066545.000	0.000	-3.103	0.000	200.000	0.000	0.000
4066545.000	0.000	-3.103	0.000	200.000	0.000	0.000
4066575.000	0.000	-3.103	0.000	200.000	0.000	0.000
4066575.000	0.000	-3.103	0.000	200.000	0.000	0.000
4066575.000	0.000	-3.103	0.000	200.000	0.000	0.000
4066605.000	0.000	-3.103	0.000	200.000	0.000	0.000
4066605.000	0.000	-3.103	0.000	200.000	0.000	0.000
4066605.000	0.000	-3.103	0.000	200.000	0.000	0.000
4066635.000	0.000	-3.103	0.000	200.000	0.000	0.000
4066635.000	0.000	-3.103	0.000	200.000	0.000	0.000
4066635.000	0.000	-3.103	0.000	200.000	0.000	0.000
4066665.000	0.000	-3.103	0.000	200.000	0.000	0.000
4066665.000	0.000	-3.103	0.000	200.000	0.000	0.000
4066665.000	0.000	-3.103	0.000	200.000	0.000	0.000
4066695.000	0.000	-3.103	0.000	200.000	0.000	0.000
4066695.000	0.000	-3.103	0.000	200.000	0.000	0.000
4066695.000	0.000	-3.103	0.000	200.000	0.000	0.000
4066725.000	0.000	-3.103	0.000	200.000	0.000	0.000
4066725.000	0.000	-3.103	0.000	200.000	0.000	0.000
4066725.000	0.000	-3.103	0.000	200.000	0.000	0.000
4066755.000	0.000	-3.103	0.000	200.000	0.000	0.000
4066755.000	0.000	-3.103	0.000	200.000	0.000	0.000
4066755.000	0.000	-3.103	0.000	200.000	0.000	0.000
4066785.000	0.000	-3.103	0.000	200.000	0.000	0.000
4066785.000	0.000	-3.103	0.000	200.000	0.000	0.000
4066785.000	0.000	-3.103	0.000	200.000	0.000	0.000
4066815.000	0.000	-3.103	0.000	200.000	0.000	0.000
4066815.000	0.000	-3.103	0.000	200.000	0.000	0.000
4066815.000	0.000	-3.103	0.000	200.000	0.000	0.000
4066845.000	0.000	-3.103	0.000	200.000	0.000	0.000
4066845.000	0.000	-3.103	0.000	200.000	0.000	0.000
4066845.000	0.000	-3.103	0.000	200.000	0.000	0.000
4066875.000	0.000	-3.103	0.000	200.000	0.000	0.000
4066875.000	0.000	-3.103	0.000	200.000	0.000	0.000
4066875.000	0.000	-3.103	0.000	200.000	0.000	0.000
4066905.000	0.000	-3.103	0.000	200.000	0.000	0.000
4066905.000	0.000	-3.103	0.000	200.000	0.000	0.000
4066905.000	0.000	-3.103	0.000	200.000	0.000	0.000
4066935.000	0.000	-3.103	0.000	200.000	0.000	0.000
4066935.000	0.000	-3.103	0.000	200.000	0.000	0.000
4066935.000	0.000	-3.103	0.000	200.000	0.000	0.000
4066965.000	0.000	-3.103	0.000	200.000	0.000	0.000
4066965.000	0.000	-3.103	0.000	200.000	0.000	0.000
4066965.000	0.000	-3.103	0.000	200.000	0.000	0.000
4066995.000	0.000	-3.103	0.000	200.000	0.000	0.000
4066995.000	0.000	-3.103	0.000	200.000	0.000	0.000
4066995.000	0.000	-3.103	0.000	200.000	0.000	0.000
4067025.000	0.000	-3.103	0.000	200.000	0.000	0.000
4067025.000	0.000	-3.103	0.000	200.000	0.000	0.000
4067025.000	0.000	-3.103	0.000	200.000	0.000	0.000
4067055.000	0.000	-3.103	0.000	200.000	0.000	0.000
4067055.000	0.000	-3.103	0.000	200.000	0.000	0.000
4067055.000	0.000	-3.103	0.000	200.000	0.000	0.000
4067085.000	0.000	-3.103	0.000	200.000	0.000	0.000
4067085.000	0.000	-3.103	0.000	200.000	0.000	0.000
4067085.000	0.000	-3.103	0.000	200.000	0.000	0.000
4067115.000	0.000	-3.103	0.000	200.000	0.000	0.000
4067115.000	0.000	-3.103	0.000	200.000	0.000	0.000
4067115.000	0.000	-3.103	0.000	200.000	0.000	0.000
4067145.000	0.000	-3.103	0.000	200.000	0.000	0.000
4067145.000	0.000	-3.103	0.000	200.000	0.000	0.000
4067145.000	0.000	-3.103	0.000	200.000	0.000	0.000
4067175.000	0.000	-3.103	0.000	200.000	0.000	0.000
4067175.000	0.000	-3.103	0.000	200.000	0.000	0.000
4067175.000	0.000	-3.103	0.000	200.000	0.000	0.000
4067205.000	0.000	-3.103	0.000	200.000	0.000	0.000
4067205.000	0.000	-3.103	0.000	200.000	0.000	0.000
4067205.000	0.000	-3.103	0.000	200.000	0.000	0.000
4067235.000	0.000	-3.103	0.000	200.000	0.000	0.000
4067235.000	0.000	-3.103	0.000	200.000	0.000	0.000
4067235.000	0.000	-3.103	0.000	200.000	0.000	0.000
4067265.000	0.000	-3.103	0.000	200.000	0.000	0.000
4067265.000	0.000	-3.103	0.000	200.000	0.000	0.000
4067265.000	0.000	-3.103	0.000	200.000	0.000	0.000
4067295.000	0.000	-3.103	0.000	200.000	0.000	0.000
4067295.000	0.000	-3.103	0.000	200.000	0.000	0.000
4067295.000	0.000	-3.103	0.000	200.000	0.000	0.000
4067325.000	0.000	-3.103	0.000	200.000	0.000	0.000
4067325.000	0.000	-3.103	0.000	200.000	0.000	0.000
4067325.000	0.000	-3.103	0.000	200.000	0.000	0.000
4067355.000	0.000	-3.103	0.000	200.000	0.000	0.000
4067355.000	0.000	-3.103	0.000	200.000	0.000	0.000
4067355.000	0.000	-3.103	0.000	200.000	0.000	0.000
4067385.000	0.000	-3.103	0.000	200.000	0.000	0.000
4067385.000	0.000	-3.103	0.000	200.000	0.000	0.000
4067385.000	0.000	-3.103	0.000	200.000	0.000	0.000
4067415.000	0.000	-3.103	0.000	200.000	0.000	0.000
4067415.000	0.000	-3.103	0.000	200.000	0.000	0.000
4067415.000	0.000	-3.103	0.000	200.000	0.000	0.000
4067445.000	0.000	-3.103	0.000	200.000	0.000	0.000
4067445.000	0.000	-3.103	0.000	200.000	0.000	0.000
4067445.000	0.000	-3.103	0.000	200.000	0.000	0.000
4067475.000	0.000	-3.103	0.000	200.000	0.000	0.000
4067475.000	0.000	-3.103	0.000	200.000	0.000	0.000
4067475.000	0.000	-3.103	0.000	200.000	0.000	0.000
4067505.000	0.000	-3.103	0.000	200.000	0.000	0.000
4067505.000	0.000	-3.103	0.000	200.000	0.000	0.000
4067505.000	0.000	-3.103	0.000	200.000	0.000	0.000
4067535.000	0.000	-3.103	0.000	200.000	0.000	0.000
4067535.000	0.000	-3.103	0.000	200.000	0.000	0.000
4067535.000	0.000	-3.103	0.000	200.000	0.000	0.000
4067565.000	0.000	-3.103	0.000	200.000	0.000	0.000
4067565.000	0.000	-3.103	0.000	200.000	0.000	0.000
4067565.000	0.000	-3.103	0.000	200.000	0.000	0.000
4067595.000	0.000	-3.103	0.000	200.000	0.000	0.000
4067595.000	0.000	-3.103	0.000	200.000	0.000	0.000
4067595.000	0.000	-3.103	0.000	200.000	0.000	0.000
4067625.000	0.000	-3.103	0.000	200.000	0.000	0.000
4067625.000	0.000	-3.103	0.000	200.000	0.000	0.000
4067625.000	0.000	-3.103	0.000	200.000	0.000	0.000
4067655.000	0.000	-3.103	0.000	200.000	0.000	0.000
4067655.000	0.000	-3.103	0.000	200.000	0.000	0.000
4067655.000	0.000	-3.103	0.000	200.000	0.000	0.000
4067685.000	0.000	-3.103	0.000	200.000	0.000	0.000
4067685.000	0.000	-3.103	0.000	200.000	0.000	0.000
4067685.000	0.000	-3.103	0.000	200.000	0.000	0.000
4067715.000	0.000	-3.103	0.000	200.000	0.000	0.000
4067715.000	0.000	-3.103	0.000	200.000	0.000	0.000
4067715.000	0.000	-3.103	0.000	200.000	0.000	0.000
4067745.000	0.000	-3.103	0.000	200.000	0.000	0.000
4067745.000	0.000	-3.103	0.000	200.000	0.000	0.000
4067745.000	0.000	-3.103	0.000	200.000	0.000	0.000
4067775.000	0.000	-3.103	0.000	200.000	0.000	0.000
4067775.000	0.000	-3.103	0.000	200.000	0.000	0.000
4067775.000	0.000	-3.103	0.000	200.000	0.000	0.000
4067805.000	0.000	-3.103	0.000	200.000	0.000	0.000
4067805.000	0.000	-3.103	0.000	200.000	0.000	0.000
4067805.000	0.000	-3.103	0.000	200.000	0.000	0.000
4067835.000	0.000	-3.103	0.000	200.000	0.000	0.000
4067835.000	0.000	-3.103	0.000	200.000	0.000	0.000
4067835.000	0.000	-3.103	0.000	200.000	0.000	0.000
4067865.000	0.000	-3.103	0.000	200.000	0.000	0.000
4067865.000	0.000	-3.103	0.000	200.000	0.000	0.000
4067865.000	0.000	-3.103	0.000	200.000	0.000	0.000
4067895.000	0.000	-3.103	0.000	200.000	0.000	0.000
4067895.000	0.000	-3.103	0.000	200.000	0.000	0.000
4067895.000	0.000	-3.103	0.000	200.000	0.000	0.000
4067925.000	0.000	-3.103	0.000	200.000	0.000	0.000
4067925.000	0.000	-3.103	0.000	200.000	0.000	0.000
4067925.000	0.000	-3.103	0.000	200.000	0.000	0.000
4067955.000	0.000	-3.103	0.000	200.000	0.000	0.000
4067955.000	0.000	-3.103	0.000	200.000	0.000	0.000
4067955.000	0.000	-3.103	0.000	200.000	0.000	0.000
4067985.000	0.000	-3.103	0.000	200.000	0.000	0.000
4067985.000	0.000	-3.103	0.000	200.000	0.000	0.000
4067985.000	0.000	-3.103	0.000	200.000	0.000	0.000
4068015.000	0.000	-3.103	0.000	200.000	0.000	0.000
4068015.000	0.000	-3.103	0.000	200.000	0.000	0.000
4068015.000	0.000	-3.103	0.000	200.000	0.000	0.000
4068045.000	0.000	-3.103	0.000	200.000	0.000	0.000
4068045.000	0.000	-3.103	0.000	200.000	0.000	0.000
4068045.000	0.000	-3.103	0.000	200.000	0.000	0.000
4068075.000	0.000	-3.103	0.000	200.000	0.000	0.000
4068075.000	0.000	-3.103	0.000	200.000	0.000	0.000
4068075.000	0.000	-3.103	0.000	200.000	0.000	0.000
4068105.000	0.000	-3.103	0.000	200.000	0.000	0.000
4068105.000	0.000	-3.103	0.000	200.000	0.000	0.000
4068105.000	0.000	-3.103	0.000	200.000	0.000	0.000
4068135.000	0.000	-3.103	0.000	200.000	0.000	0.000
4068135.000	0.000	-3.103	0.000	200.000	0.000	0.000
4068135.000	0.000	-3.103	0.000	200.000	0.000	0.000
4068165.000	0.000	-3.103	0.000	200.000	0.000	0.000
4068165.000	0.000	-3.103	0.000	200.000	0.000	0.000
4068165.000	0.000	-3.103	0.000	200.000	0.000	0.000
4068195.000	0.000	-3.103	0.000	200.000	0.000	0.000
4068195.000	0.000	-3.103	0.000	200.000	0.000	0.000
4068195.000	0.000	-3.103	0.000	200.000	0.000	0.000
4068225.000	0.000	-3.103	0.000	200.000	0.000	0.000
4068225.000	0.000	-3.103	0.000	200.000	0.000	0.000
4068225.000	0.000	-3.103	0.000	200.000	0.000	0.000
4068255.000	0.000	-3.103	0.000	200.000	0.000	0.000
4068255.000	0.000	-3.103	0.000	200.000	0.000	0.000
4068255.000	0.000	-3.103	0.000	200.000	0.000	0.000
4068285.000	0.000	-3.103	0.000	200.000	0.000	0.000
4068285.000	0.000	-3.103	0.000	200.000	0.000	0.000
4068285.000	0.000	-3.103	0.000	200.000	0.000	0.000
4068315.000	0.000	-3.103	0.000	200.000	0.000	0.000
4068315.000	0.000	-3.103	0.000	200.000	0.000	0.000
4068315.000	0.000	-3.103	0.000	200.000	0.000	0.000
4068345.000	0.000	-3.103	0.000	200.000	0.000	0.000
4068345.000	0.000	-3.103	0.000	200.000	0.000	0.000
4068345.000	0.000	-3.103	0.000	200.000	0.000	0.000
4068375.000	0.000	-3.103	0.000	200.000	0.000	0.000
4068375.000	0.000	-3.103	0.000	200.000	0.000	0.000
4068375.000	0.000	-3.103	0.000	200.000	0.000	0.000
4068405.000	0.000	-3.103	0.000	200.000	0.000	0.000
4068405.000	0.000	-3.103	0.000	200.000	0.000	0.000
4068405.000	0.000	-3.103	0.000	200.000	0.000	0.000
4068435.000	0.000	-3.103	0.000	200.000	0.000	0.000
4068435.000	0.000	-3.103	0.000	200.000	0.000	0.000
4068435.000	0.000	-3.103	0.000	200.000	0.000	0.000
4068465.000	0.000	-3.103	0.000	200.000	0.000	0.000
4068465.000	0.000	-3.103	0.000	200.000	0.000	0.000
4068465.000	0.000	-3.103	0.000	200.000	0.000	0.000
4068495.000	0.000	-3.103	0.000	200.000	0.000	0.000
4068495.000	0.000	-3.103	0.000	200.000	0.000	0.000
4068495.000	0.000	-3.103	0.000	200.000	0.000	0.000
4068525.000	0.000	-3.103	0.000	200.000	0.000	0.000
4068525.000	0.000	-3.103	0.000	200.000	0.000	0.000
4068525.000	0.000	-3.103	0.000	200.000	0.000	0.000
4068555.000	0.000	-3.103	0.000	200.000	0.000	0.000
4068555.000	0.000	-3.103	0.000	200.000	0.000	0.000
4068555.000	0.000	-3.103	0.000	200.000	0.000	0.000
4068585.000	0.000	-3.103	0.000	200.000	0.000	0.000
4068585.000	0.000	-3.103	0.000	200.000	0.000	0.000
4068585.000	0.000	-3.103	0.000	200.000	0.000	0.000
4068615.000	0.000	-3.103	0.000	200.000	0.000	0.000
4068615.000	0.000	-3.103	0.000	200.000	0.000	0.000
4068615.000	0.000	-3.103	0.000	200.000	0.000	0.000
4068645.000	0.000	-3.103	0.000	200.000	0.000	0.000
4068645.000	0.000	-3.103	0.000	200.000	0.000	0.000
4068645.000	0.000	-3.103	0.000	200.000	0.000	0.000
4068675.000	0.000	-3.103	0.000	200.000	0.000	0.000
4068675.000	0.000	-3.103	0.000	200.000	0.000	0.000
4068675.000	0.000	-3.103	0.000	200.000	0.000	0.000
4068705.000	0.000	-3.103	0.000	200.000	0.000	0.000
4068705.000	0.000	-3.103	0.000	200.000	0.000	0.000
4068705.000	0.000	-3.103	0.000	200.000	0.000	0.000
4068735.000	0.000	-3.103	0.000	200.000	0.000	0.000
4068735.000	0.000	-3.103	0.000	200.000	0.000	0.000
4068735.000	0.000	-3.103	0.000	200.000	0.000	0.000
4068765.000	0.000	-3.103	0.000	200.000	0.000	0.000
4068765.000	0.000	-3.103	0.000	200.000	0.000	0.000
4068765.000	0.000	-3.103	0.000	200.000	0.000	0.000
4068795.000	0.000	-3.103	0.000	200.000	0.000	0.000
4068795.000	0.000	-3.103	0.000	200.000	0.000	0.000
4068795.000	0.000	-3.103	0.000	200.000	0.000	0.000
4068825.000	0.000	-3.103	0.000	200.000	0.000	0.000
4068825.000	0.000	-3.103	0.000	200.000	0.000	0.000
4068825.000	0.000	-3.103	0.000	200.000	0.000	0.000
4068855.000	0.000	-3.103	0.000	200.000	0.000	0.000
4068855.000	0.000	-3.103	0.000	200.000	0.000	0.000
4068855.000	0.000	-3.103	0.000	200.000	0.000	0.000
4068885.000	0.000	-3.103	0.000	200.000	0.000	0.000
4068885.000	0.000	-3.103	0.000	200.000	0.000	0.000
4068885.000	0.000	-3.103	0.000	200.000	0.000	0.000
4068915.000	0.000	-3.103	0.000	200.000	0.000	0.000
4068915.000	0.000	-3.103	0.000	200.000	0.000	0.000
4068915.000	0.000	-3.103	0.000	200.000	0.000	0.000
4068945.000	0.000	-3.103	0.000	200.000	0.000	0.000
4068945.000	0.000	-3.103	0.000	200.000	0.000	0.000
4068945.000	0.000	-3.103	0.000	200.000	0.000	0.000
4068975.000	0.000	-3.103	0.000	200.000	0.000	0.000
4068975.000	0.000	-3.103	0.000	200.000	0.000	0.000
4068975.000	0.000	-3.103	0.000	200.000	0.000	0.000
4069005.000	0.000	-3.103	0.000	200.000	0.000	0.000
4069005.000	0.000	-3.103	0.000	200.000	0.000	0.000
4069005.000	0.000	-3.103	0.000	200.000	0.000	0.000
4069035.000	0.000	-3.103	0.000	200.000	0.000	0.000
4069035.000	0.000	-3.103	0.000	200.000	0.000	0.000
4069035.000	0.000	-3.103	0.000	200.000	0.000	0.000
4069065.000	0.000	-3.103	0.000	200.000	0.000	0.000
4069065.000	0.000	-3.103	0.000	200.000	0.000	0.000
4069065.000	0.000	-3.103	0.000	200.000	0.000	0.000
4069095.000	0.000	-3.103	0.000	200.000	0.000	0.000
4069095.000	0.000	-3.103	0.000	200.000	0.000	0.000
4069095.000	0.000	-3.103	0.000	200.000	0.000	0.000
4069125.000	0.000	-3.103	0.000	200.000	0.000	0.000
4069125.000	0.000	-3.103	0.000	200.000	0.000	0.000
4069125.000	0.000	-3.103	0.000	200.000	0.000	0.000
4069155.000	0.000	-3.103	0.000	200.000	0.000	0.000
4069155.000	0.000	-3.103	0.000	200.000	0.000	0.000
4069155.000	0.000	-3.103	0.000	200.000	0.000	0.000
4069185.000	0.000	-3.103	0.000	200.000	0.000	0.000
4069185.000	0.000	-3.103	0.000	200.000	0.000	0.000
4069185.000	0.000	-3.103	0.000	200.000	0.000	0.000
4069215.000	0.000	-3.103	0.000	200.000	0.000	0.000
4069215.000	0.000	-3.103	0.000	200.000	0.000	0.000
4069215.000	0.000	-3.103	0.000	200.000	0.000	0.000
4069245.000	0.000	-3.103	0.000	200.000	0.000	0.000
4069245.000	0.000	-3.103	0.000	200.000	0.000	0.000
4069245.000	0.000	-3.103	0.000	200.000	0.000	0.000
4069275.000	0.000	-3.103	0.000	200.000	0.000	0.000
4069275.000	0.000	-3.103	0.000	200.000	0.000	0.000
4069275.000	0.000	-3.103	0.000	200.000	0.000	0.000
4069305.000	0.000	-3.103	0.000	200.000	0.000	0.000
4069305.000	0.000	-3.103	0.000	200.000	0.000	0.000
4069305.000	0.000	-3.103	0.000	200.000	0.000	0.000
4069335.000	0.000	-3.103	0.000	200.000	0.000	0.000
4069335.000	0.000	-3.103	0.000	200.000	0.000	0.000
4069335.000	0.000	-3.103	0.000	200.000	0.000	0.000
4069365.000	0.000	-3.103	0.000	200.000	0.000	0.000
4069365.000	0.000	-3.103	0.000	200.000	0.000	0.000
4069365.000	0.000	-3.103	0.000	200.000	0.000	0.000
4069395.000	0.000	-3.103	0.000	200.000	0.000	0.000
4069395.000	0.000	-3.103	0.000	200.000	0.000	0.000
4069395.000	0.000	-3.103	0.000	200.000	0.000	0.000
4069425.000	0.000	-3.103	0.000	200.000	0.000	0.000
4069425.000	0.000	-3.103	0.000	200.000	0.000	0.000
4069425.000	0.000	-3.103	0.000	200.000	0.000	0.000
4069455.000	0.000	-3.103	0.000	200.000	0.000	0.000
4069455.000	0.000	-3.103	0.000	200.000	0.000	0.000
4069455.000	0.000	-3.103	0.000	200.000	0.000	0.000
4069485.000	0.000	-3.103	0.000	200.000	0.000	0.000
4069485.000	0.000	-3.103	0.000	200.000	0.000	0.000
4069485.000	0.000	-3.103	0.000	200.000	0.000	0.000
4069515.000	0.000	-3.103	0.000	200.000	0.000	0.000
4069515.000	0.000	-3.103	0.000	200.000	0.000	0.000
4069515.000	0.000	-3.103	0.000	200.000	0.000	0.000
4069545.000	0.000	-3.103	0.000	200.000	0.000	0.000
4069545.000	0.000	-3.103	0.000	200.000	0.000	0.000
4069545.000	0.000	-3.103	0.000	200.000	0.000	0.000
4069575.000	0.000	-3.103	0.000	200.000	0.000	0.000
4069575.000	0.000	-3.103	0.000	200.000	0.000	0.000
4069575.000	0.000	-3.103	0.000	200.000	0.000	0.000
4069605.000	0.000	-3.103	0.000	200.000	0.000	0.000
4069605.000	0.000	-3.103	0.000	200.000	0.000	0.000
4069605.000	0.000	-3.103	0.000	200.000	0.000	0.000
4069635.000	0.000	-3.103	0.000	200.000	0.000	0.000
4069635.000	0.000	-3.103	0.000	200.000	0.000	0.000
4069635.000	0.000	-3.103	0.000	200.000	0.000	0.000
4069665.000	0.000	-3.103	0.000	200.000	0.000	0.000
4069665.000	0.000	-3.103	0.000	200.000	0.000	0.000
4069665.000	0.000	-3.103	0.000	200.000	0.000	0.000
4069695.000	0.000	-3.103	0.000	200.000	0.000	0.000
4069695.000	0.000	-3.103	0.000	200.000	0.000	0.000
